dataset,method,seed,fold,total_features,selected_features,feature_ratio,fitness,evaluations,runtime_seconds,classifier_seconds,peak_memory_mb,redundancy,parameters,selected_indices,accuracy,balanced_accuracy,f1_score,mcc,roc_auc,pr_auc,sensitivity,specificity,interaction_quality,jaccard_stability,nogueira_stability
breast_cancer,EHOA,42,repeated_stratified_holdout,30,14,0.4666666666666667,0.0373040293040294,79,3.210688500024844,0.2626511999987997,1.516225814819336,0.3734733292230524,"{""bootstrap_count"": 7, ""eta_consolidation"": 0.3, ""eta_exploration"": 0.45, ""interaction_top_k"": 50, ""lambda_interaction"": 0.5, ""lambda_stability"": 0.5, ""reliability_rho"": 0.6, ""reliability_source"": ""resampling"", ""resample_fraction"": 0.8, ""stability_interval"": 2, ""stability_strategy"": ""periodic"", ""weight_schedule"": ""adaptive""}","[0, 1, 3, 5, 7, 8, 9, 15, 16, 18, 21, 23, 24, 27]",0.9210526315789472,0.9275793650793652,0.935251798561151,0.8380140438509858,0.9558531746031746,0.9561810470340006,0.9027777777777778,0.9523809523809524,-0.266118763215135,0.35886031944155516,0.03220547478250557
breast_cancer,SF-EHOA,42,repeated_stratified_holdout,30,14,0.4666666666666667,0.0307765567765566,86,10.851224299985915,0.3116781000280753,2.087228775024414,0.4097930264877985,"{""bootstrap_count"": 7, ""eta_consolidation"": 0.3, ""eta_exploration"": 0.45, ""interaction_top_k"": 50, ""lambda_interaction"": 0.5, ""lambda_stability"": 0.5, ""reliability_rho"": 0.6, ""reliability_source"": ""resampling"", ""resample_fraction"": 0.8, ""stability_interval"": 2, ""stability_strategy"": ""periodic"", ""weight_schedule"": ""adaptive""}","[0, 1, 3, 5, 7, 8, 9, 12, 13, 16, 18, 23, 24, 27]",0.956140350877193,0.9603174603174602,0.9645390070921984,0.9085472857180888,0.97255291005291,0.980410932817313,0.9444444444444444,0.9761904761904762,-0.3206002362736628,0.329340701994379,0.08910533910533913
breast_cancer,IG-EHOA,42,repeated_stratified_holdout,30,13,0.4333333333333333,0.0304432234432233,83,11.105696199985688,0.3537167999893427,2.100170135498047,0.4250203382307559,"{""bootstrap_count"": 7, ""eta_consolidation"": 0.3, ""eta_exploration"": 0.45, ""interaction_top_k"": 50, ""lambda_interaction"": 0.5, ""lambda_stability"": 0.5, ""reliability_rho"": 0.6, ""reliability_source"": ""resampling"", ""resample_fraction"": 0.8, ""stability_interval"": 2, ""stability_strategy"": ""periodic"", ""weight_schedule"": ""adaptive""}","[0, 1, 3, 5, 7, 8, 9, 12, 13, 18, 23, 24, 27]",0.9473684210526316,0.9533730158730158,0.9571428571428572,0.8915448278143033,0.9720568783068784,0.979824970924042,0.9305555555555556,0.9761904761904762,-0.393185630458981,0.33514256509374735,0.04991302020607513
breast_cancer,DFA-EHOA,42,repeated_stratified_holdout,30,14,0.4666666666666667,0.0307765567765566,74,9.22821319999639,0.2667172999936156,2.067704200744629,0.4159691576651351,"{""bootstrap_count"": 7, ""eta_consolidation"": 0.3, ""eta_exploration"": 0.45, ""interaction_top_k"": 50, ""lambda_interaction"": 0.5, ""lambda_stability"": 0.5, ""reliability_rho"": 0.6, ""reliability_source"": ""resampling"", ""resample_fraction"": 0.8, ""stability_interval"": 2, ""stability_strategy"": ""periodic"", ""weight_schedule"": ""adaptive""}","[0, 1, 3, 5, 7, 8, 9, 12, 15, 18, 21, 23, 25, 27]",0.9210526315789472,0.9226190476190476,0.9361702127659576,0.8341403959394523,0.9603174603174602,0.9587947355124846,0.9166666666666666,0.9285714285714286,-0.386630637576684,0.35288670065719463,0.1048155264608186
breast_cancer,EHOA,123,repeated_stratified_holdout,30,13,0.4333333333333333,0.0304432234432233,68,2.87927660002606,0.2710140999988653,1.4240093231201172,0.3856602349174362,"{""bootstrap_count"": 7, ""eta_consolidation"": 0.3, ""eta_exploration"": 0.45, ""interaction_top_k"": 50, ""lambda_interaction"": 0.5, ""lambda_stability"": 0.5, ""reliability_rho"": 0.6, ""reliability_source"": ""resampling"", ""resample_fraction"": 0.8, ""stability_interval"": 2, ""stability_strategy"": ""periodic"", ""weight_schedule"": ""adaptive""}","[2, 6, 7, 13, 18, 19, 20, 21, 22, 24, 26, 28, 29]",0.9824561403508772,0.9811507936507936,0.9861111111111112,0.9623015873015872,0.9988425925925928,0.9990586419753088,0.9861111111111112,0.9761904761904762,-0.1454221542768758,0.35886031944155516,0.03220547478250557
breast_cancer,SF-EHOA,123,repeated_stratified_holdout,30,11,0.3666666666666666,0.0363040293040291,75,9.466361100028736,0.2663984000100754,1.9893407821655276,0.5133226278227222,"{""bootstrap_count"": 7, ""eta_consolidation"": 0.3, ""eta_exploration"": 0.45, ""interaction_top_k"": 50, ""lambda_interaction"": 0.5, ""lambda_stability"": 0.5, ""reliability_rho"": 0.6, ""reliability_source"": ""resampling"", ""resample_fraction"": 0.8, ""stability_interval"": 2, ""stability_strategy"": ""periodic"", ""weight_schedule"": ""adaptive""}","[2, 3, 6, 7, 21, 22, 24, 26, 27, 28, 29]",0.9736842105263158,0.9791666666666669,0.9787234042553192,0.9457507306074072,0.999834656084656,0.9998097412480974,0.9583333333333334,1.0,-0.3732540494128244,0.329340701994379,0.08910533910533913
breast_cancer,IG-EHOA,123,repeated_stratified_holdout,30,16,0.5333333333333333,0.0292673992673991,75,8.574706699990202,0.2965942000155337,2.069538116455078,0.4563979059241583,"{""bootstrap_count"": 7, ""eta_consolidation"": 0.3, ""eta_exploration"": 0.45, ""interaction_top_k"": 50, ""lambda_interaction"": 0.5, ""lambda_stability"": 0.5, ""reliability_rho"": 0.6, ""reliability_source"": ""resampling"", ""resample_fraction"": 0.8, ""stability_interval"": 2, ""stability_strategy"": ""periodic"", ""weight_schedule"": ""adaptive""}","[2, 3, 4, 7, 10, 12, 15, 16, 17, 20, 21, 22, 26, 27, 28, 29]",0.9736842105263158,0.9692460317460316,0.9793103448275862,0.9433397594898876,0.9990079365079364,0.9992441071208196,0.9861111111111112,0.9523809523809524,-0.3493226663170804,0.33514256509374735,0.04991302020607513
breast_cancer,DFA-EHOA,123,repeated_stratified_holdout,30,16,0.5333333333333333,0.0292673992673991,75,8.738158399995882,0.2802199000143446,1.997736930847168,0.4563979059241583,"{""bootstrap_count"": 7, ""eta_consolidation"": 0.3, ""eta_exploration"": 0.45, ""interaction_top_k"": 50, ""lambda_interaction"": 0.5, ""lambda_stability"": 0.5, ""reliability_rho"": 0.6, ""reliability_source"": ""resampling"", ""resample_fraction"": 0.8, ""stability_interval"": 2, ""stability_strategy"": ""periodic"", ""weight_schedule"": ""adaptive""}","[2, 3, 4, 7, 10, 12, 15, 16, 17, 20, 21, 22, 26, 27, 28, 29]",0.9736842105263158,0.9692460317460316,0.9793103448275862,0.9433397594898876,0.9990079365079364,0.9992441071208196,0.9861111111111112,0.9523809523809524,-0.3493226663170804,0.35288670065719463,0.1048155264608186
breast_cancer,EHOA,2026,repeated_stratified_holdout,30,16,0.5333333333333333,0.037970695970696,71,2.463416099955793,0.3364849999779835,1.1894207000732422,0.4088400368020315,"{""bootstrap_count"": 7, ""eta_consolidation"": 0.3, ""eta_exploration"": 0.45, ""interaction_top_k"": 50, ""lambda_interaction"": 0.5, ""lambda_stability"": 0.5, ""reliability_rho"": 0.6, ""reliability_source"": ""resampling"", ""resample_fraction"": 0.8, ""stability_interval"": 2, ""stability_strategy"": ""periodic"", ""weight_schedule"": ""adaptive""}","[1, 2, 4, 6, 10, 15, 18, 20, 21, 22, 24, 25, 26, 27, 28, 29]",0.956140350877193,0.9603174603174602,0.9645390070921984,0.9085472857180888,0.9950396825396826,0.9959165423727664,0.9444444444444444,0.9761904761904762,-0.3091499358387786,0.35886031944155516,0.03220547478250557
breast_cancer,SF-EHOA,2026,repeated_stratified_holdout,30,15,0.5,0.0332857142857144,81,8.567360599990934,0.2759799000341445,1.972637176513672,0.3797881386454815,"{""bootstrap_count"": 7, ""eta_consolidation"": 0.3, ""eta_exploration"": 0.45, ""interaction_top_k"": 50, ""lambda_interaction"": 0.5, ""lambda_stability"": 0.5, ""reliability_rho"": 0.6, ""reliability_source"": ""resampling"", ""resample_fraction"": 0.8, ""stability_interval"": 2, ""stability_strategy"": ""periodic"", ""weight_schedule"": ""adaptive""}","[1, 2, 4, 6, 10, 13, 18, 19, 20, 21, 22, 24, 25, 27, 29]",0.9649122807017544,0.9672619047619048,0.971830985915493,0.9259891667402068,0.995866402116402,0.9970959595959596,0.9583333333333334,0.9761904761904762,-0.2033350399516341,0.329340701994379,0.08910533910533913
breast_cancer,IG-EHOA,2026,repeated_stratified_holdout,30,16,0.5333333333333333,0.037970695970696,72,8.575878999952693,0.2972259999951347,1.980687141418457,0.3742286079395578,"{""bootstrap_count"": 7, ""eta_consolidation"": 0.3, ""eta_exploration"": 0.45, ""interaction_top_k"": 50, ""lambda_interaction"": 0.5, ""lambda_stability"": 0.5, ""reliability_rho"": 0.6, ""reliability_source"": ""resampling"", ""resample_fraction"": 0.8, ""stability_interval"": 2, ""stability_strategy"": ""periodic"", ""weight_schedule"": ""adaptive""}","[1, 2, 4, 6, 10, 12, 15, 16, 18, 20, 21, 22, 24, 27, 28, 29]",0.956140350877193,0.9603174603174602,0.9645390070921984,0.9085472857180888,0.994378306878307,0.9956123033568686,0.9444444444444444,0.9761904761904762,-0.2498285754914986,0.33514256509374735,0.04991302020607513
breast_cancer,DFA-EHOA,2026,repeated_stratified_holdout,30,15,0.5,0.0332857142857141,80,9.075285400031134,0.2545827999711036,2.032033920288086,0.3507597961137438,"{""bootstrap_count"": 7, ""eta_consolidation"": 0.3, ""eta_exploration"": 0.45, ""interaction_top_k"": 50, ""lambda_interaction"": 0.5, ""lambda_stability"": 0.5, ""reliability_rho"": 0.6, ""reliability_source"": ""resampling"", ""resample_fraction"": 0.8, ""stability_interval"": 2, ""stability_strategy"": ""periodic"", ""weight_schedule"": ""adaptive""}","[0, 4, 6, 10, 11, 13, 14, 18, 19, 20, 21, 22, 25, 27, 29]",0.9385964912280702,0.9365079365079364,0.951048951048951,0.868859654660177,0.9808201058201058,0.9799584842164156,0.9444444444444444,0.9285714285714286,-0.1557585132074763,0.35288670065719463,0.1048155264608186
breast_cancer,EHOA,3407,repeated_stratified_holdout,30,11,0.3666666666666666,0.034128205128205,72,2.989302400033921,0.2630522000254132,1.4522638320922852,0.4536125060488737,"{""bootstrap_count"": 7, ""eta_consolidation"": 0.3, ""eta_exploration"": 0.45, ""interaction_top_k"": 50, ""lambda_interaction"": 0.5, ""lambda_stability"": 0.5, ""reliability_rho"": 0.6, ""reliability_source"": ""resampling"", ""resample_fraction"": 0.8, ""stability_interval"": 2, ""stability_strategy"": ""periodic"", ""weight_schedule"": ""adaptive""}","[1, 2, 6, 10, 11, 12, 15, 20, 21, 25, 27]",0.9649122807017544,0.9672619047619048,0.971830985915493,0.9259891667402068,0.9970238095238096,0.9973297676558546,0.9583333333333334,0.9761904761904762,-0.3799022142950409,0.35886031944155516,0.03220547478250557
breast_cancer,SF-EHOA,3407,repeated_stratified_holdout,30,11,0.3666666666666666,0.034128205128205,71,9.131862299982458,0.2850220999680459,2.021465301513672,0.4536125060488737,"{""bootstrap_count"": 7, ""eta_consolidation"": 0.3, ""eta_exploration"": 0.45, ""interaction_top_k"": 50, ""lambda_interaction"": 0.5, ""lambda_stability"": 0.5, ""reliability_rho"": 0.6, ""reliability_source"": ""resampling"", ""resample_fraction"": 0.8, ""stability_interval"": 2, ""stability_strategy"": ""periodic"", ""weight_schedule"": ""adaptive""}","[1, 2, 6, 10, 11, 12, 15, 20, 21, 25, 27]",0.9649122807017544,0.9672619047619048,0.971830985915493,0.9259891667402068,0.9970238095238096,0.9973297676558546,0.9583333333333334,0.9761904761904762,-0.3799022142950409,0.329340701994379,0.08910533910533913
breast_cancer,IG-EHOA,3407,repeated_stratified_holdout,30,13,0.4333333333333333,0.036970695970696,88,9.257087900012266,0.2797333999769762,2.0005874633789062,0.3946656685334185,"{""bootstrap_count"": 7, ""eta_consolidation"": 0.3, ""eta_exploration"": 0.45, ""interaction_top_k"": 50, ""lambda_interaction"": 0.5, ""lambda_stability"": 0.5, ""reliability_rho"": 0.6, ""reliability_source"": ""resampling"", ""resample_fraction"": 0.8, ""stability_interval"": 2, ""stability_strategy"": ""periodic"", ""weight_schedule"": ""adaptive""}","[1, 3, 6, 7, 8, 11, 16, 17, 18, 20, 21, 22, 27]",0.9824561403508772,0.9811507936507936,0.9861111111111112,0.9623015873015872,0.998015873015873,0.9982334625884854,0.9861111111111112,0.9761904761904762,-0.2734331174370914,0.33514256509374735,0.04991302020607513
breast_cancer,DFA-EHOA,3407,repeated_stratified_holdout,30,13,0.4333333333333333,0.0347948717948719,88,9.47891940001864,0.3120258999988436,2.038737297058105,0.4466150309624863,"{""bootstrap_count"": 7, ""eta_consolidation"": 0.3, ""eta_exploration"": 0.45, ""interaction_top_k"": 50, ""lambda_interaction"": 0.5, ""lambda_stability"": 0.5, ""reliability_rho"": 0.6, ""reliability_source"": ""resampling"", ""resample_fraction"": 0.8, ""stability_interval"": 2, ""stability_strategy"": ""periodic"", ""weight_schedule"": ""adaptive""}","[0, 1, 3, 6, 7, 8, 10, 11, 18, 20, 21, 22, 27]",0.9736842105263158,0.9742063492063492,0.9790209790209792,0.9438975339262832,0.998181216931217,0.998624381455166,0.9722222222222222,0.9761904761904762,-0.4493756608601182,0.35288670065719463,0.1048155264608186
breast_cancer,EHOA,7919,repeated_stratified_holdout,30,15,0.5,0.0419890109890108,76,3.271902099950239,0.2657572000171058,1.4573612213134766,0.358973598295568,"{""bootstrap_count"": 7, ""eta_consolidation"": 0.3, ""eta_exploration"": 0.45, ""interaction_top_k"": 50, ""lambda_interaction"": 0.5, ""lambda_stability"": 0.5, ""reliability_rho"": 0.6, ""reliability_source"": ""resampling"", ""resample_fraction"": 0.8, ""stability_interval"": 2, ""stability_strategy"": ""periodic"", ""weight_schedule"": ""adaptive""}","[1, 2, 3, 4, 5, 8, 13, 14, 19, 21, 22, 26, 27, 28, 29]",0.9736842105263158,0.9742063492063492,0.9790209790209792,0.9438975339262832,0.9905753968253967,0.9935780619388848,0.9722222222222222,0.9761904761904762,-0.2344300999244425,0.35886031944155516,0.03220547478250557
breast_cancer,SF-EHOA,7919,repeated_stratified_holdout,30,13,0.4333333333333333,0.0369706959706958,48,7.802643199975137,0.3128282999969087,1.962890625,0.4019197630595014,"{""bootstrap_count"": 7, ""eta_consolidation"": 0.3, ""eta_exploration"": 0.45, ""interaction_top_k"": 50, ""lambda_interaction"": 0.5, ""lambda_stability"": 0.5, ""reliability_rho"": 0.6, ""reliability_source"": ""resampling"", ""resample_fraction"": 0.8, ""stability_interval"": 2, ""stability_strategy"": ""periodic"", ""weight_schedule"": ""adaptive""}","[2, 4, 6, 8, 15, 18, 20, 21, 23, 24, 26, 27, 29]",0.956140350877193,0.9553571428571428,0.965034965034965,0.90637859429323,0.9836309523809524,0.9818606854506168,0.9583333333333334,0.9523809523809524,-0.2420178393830249,0.329340701994379,0.08910533910533913
breast_cancer,IG-EHOA,7919,repeated_stratified_holdout,30,13,0.4333333333333333,0.0434981684981685,71,8.914222299994435,0.2968027999741025,2.0303125381469727,0.3301858932850451,"{""bootstrap_count"": 7, ""eta_consolidation"": 0.3, ""eta_exploration"": 0.45, ""interaction_top_k"": 50, ""lambda_interaction"": 0.5, ""lambda_stability"": 0.5, ""reliability_rho"": 0.6, ""reliability_source"": ""resampling"", ""resample_fraction"": 0.8, ""stability_interval"": 2, ""stability_strategy"": ""periodic"", ""weight_schedule"": ""adaptive""}","[1, 2, 5, 8, 12, 13, 14, 18, 19, 22, 26, 28, 29]",0.9649122807017544,0.9722222222222222,0.9714285714285714,0.9286112429750732,0.998015873015873,0.9978070175438596,0.9444444444444444,1.0,-0.1727414985764221,0.33514256509374735,0.04991302020607513
breast_cancer,DFA-EHOA,7919,repeated_stratified_holdout,30,13,0.4333333333333333,0.0369706959706958,58,9.189975899993442,0.4849139000289142,2.0325822830200195,0.4019197630595014,"{""bootstrap_count"": 7, ""eta_consolidation"": 0.3, ""eta_exploration"": 0.45, ""interaction_top_k"": 50, ""lambda_interaction"": 0.5, ""lambda_stability"": 0.5, ""reliability_rho"": 0.6, ""reliability_source"": ""resampling"", ""resample_fraction"": 0.8, ""stability_interval"": 2, ""stability_strategy"": ""periodic"", ""weight_schedule"": ""adaptive""}","[2, 4, 6, 8, 15, 18, 20, 21, 23, 24, 26, 27, 29]",0.956140350877193,0.9553571428571428,0.965034965034965,0.90637859429323,0.9836309523809524,0.9818606854506168,0.9583333333333334,0.9523809523809524,-0.2420178393830249,0.35288670065719463,0.1048155264608186
breast_cancer,EHOA,104729,repeated_stratified_holdout,30,20,0.6666666666666666,0.0306007326007325,80,3.743656800012104,0.301128700026311,1.2401113510131836,0.383324337141055,"{""bootstrap_count"": 7, ""eta_consolidation"": 0.3, ""eta_exploration"": 0.45, ""interaction_top_k"": 50, ""lambda_interaction"": 0.5, ""lambda_stability"": 0.5, ""reliability_rho"": 0.6, ""reliability_source"": ""resampling"", ""resample_fraction"": 0.8, ""stability_interval"": 2, ""stability_strategy"": ""periodic"", ""weight_schedule"": ""adaptive""}","[0, 2, 4, 6, 7, 8, 9, 10, 12, 13, 14, 16, 18, 19, 20, 21, 22, 24, 27, 29]",0.956140350877193,0.9503968253968254,0.9655172413793104,0.905446619045262,0.9952050264550264,0.9962566287953816,0.9722222222222222,0.9285714285714286,-0.2759435923778496,0.35886031944155516,0.03220547478250557
breast_cancer,SF-EHOA,104729,repeated_stratified_holdout,30,17,0.5666666666666667,0.0317765567765566,81,9.451973400020506,0.2705856999964453,2.0445871353149414,0.3728842049488159,"{""bootstrap_count"": 7, ""eta_consolidation"": 0.3, ""eta_exploration"": 0.45, ""interaction_top_k"": 50, ""lambda_interaction"": 0.5, ""lambda_stability"": 0.5, ""reliability_rho"": 0.6, ""reliability_source"": ""resampling"", ""resample_fraction"": 0.8, ""stability_interval"": 2, ""stability_strategy"": ""periodic"", ""weight_schedule"": ""adaptive""}","[0, 2, 4, 6, 7, 8, 10, 12, 13, 14, 18, 19, 20, 21, 24, 26, 29]",0.9736842105263158,0.9642857142857144,0.979591836734694,0.9441549509633318,0.994212962962963,0.9952093397745572,1.0,0.9285714285714286,-0.2388500270687672,0.329340701994379,0.08910533910533913
breast_cancer,IG-EHOA,104729,repeated_stratified_holdout,30,17,0.5666666666666667,0.0296007326007325,84,9.944488700013608,0.2630533000337891,1.9920539855957031,0.3586074323776823,"{""bootstrap_count"": 7, ""eta_consolidation"": 0.3, ""eta_exploration"": 0.45, ""interaction_top_k"": 50, ""lambda_interaction"": 0.5, ""lambda_stability"": 0.5, ""reliability_rho"": 0.6, ""reliability_source"": ""resampling"", ""resample_fraction"": 0.8, ""stability_interval"": 2, ""stability_strategy"": ""periodic"", ""weight_schedule"": ""adaptive""}","[0, 4, 6, 7, 8, 9, 10, 12, 13, 14, 18, 19, 20, 21, 24, 26, 29]",0.9649122807017544,0.95734126984127,0.9726027397260274,0.9245181185940876,0.9940476190476192,0.9951793097445272,0.9861111111111112,0.9285714285714286,-0.2471174955870787,0.33514256509374735,0.04991302020607513
breast_cancer,DFA-EHOA,104729,repeated_stratified_holdout,30,17,0.5666666666666667,0.0317765567765566,82,9.552140199986752,0.3051877000252716,2.063966751098633,0.3728842049488159,"{""bootstrap_count"": 7, ""eta_consolidation"": 0.3, ""eta_exploration"": 0.45, ""interaction_top_k"": 50, ""lambda_interaction"": 0.5, ""lambda_stability"": 0.5, ""reliability_rho"": 0.6, ""reliability_source"": ""resampling"", ""resample_fraction"": 0.8, ""stability_interval"": 2, ""stability_strategy"": ""periodic"", ""weight_schedule"": ""adaptive""}","[0, 2, 4, 6, 7, 8, 10, 12, 13, 14, 18, 19, 20, 21, 24, 26, 29]",0.9736842105263158,0.9642857142857144,0.979591836734694,0.9441549509633318,0.994212962962963,0.9952093397745572,1.0,0.9285714285714286,-0.2388500270687672,0.35288670065719463,0.1048155264608186
breast_cancer,EHOA,130363,repeated_stratified_holdout,30,19,0.6333333333333333,0.0367948717948719,65,2.2669884000206366,0.2852803000132553,1.4074678421020508,0.4099216996916995,"{""bootstrap_count"": 7, ""eta_consolidation"": 0.3, ""eta_exploration"": 0.45, ""interaction_top_k"": 50, ""lambda_interaction"": 0.5, ""lambda_stability"": 0.5, ""reliability_rho"": 0.6, ""reliability_source"": ""resampling"", ""resample_fraction"": 0.8, ""stability_interval"": 2, ""stability_strategy"": ""periodic"", ""weight_schedule"": ""adaptive""}","[0, 1, 2, 4, 5, 7, 10, 12, 16, 18, 19, 20, 21, 23, 25, 26, 27, 28, 29]",0.9649122807017544,0.9623015873015872,0.9722222222222222,0.9246031746031746,0.9718915343915344,0.9682226120838976,0.9722222222222222,0.9523809523809524,-0.3626416788468183,0.35886031944155516,0.03220547478250557
breast_cancer,SF-EHOA,130363,repeated_stratified_holdout,30,14,0.4666666666666667,0.032952380952381,78,8.93573969998397,0.2567501000012271,1.9749727249145508,0.3885369335100523,"{""bootstrap_count"": 7, ""eta_consolidation"": 0.3, ""eta_exploration"": 0.45, ""interaction_top_k"": 50, ""lambda_interaction"": 0.5, ""lambda_stability"": 0.5, ""reliability_rho"": 0.6, ""reliability_source"": ""resampling"", ""resample_fraction"": 0.8, ""stability_interval"": 2, ""stability_strategy"": ""periodic"", ""weight_schedule"": ""adaptive""}","[0, 1, 2, 7, 10, 12, 16, 18, 19, 21, 22, 23, 25, 28]",0.9473684210526316,0.9434523809523808,0.9583333333333334,0.8869047619047619,0.9811507936507936,0.9803437916219426,0.9583333333333334,0.9285714285714286,-0.2503567398046061,0.329340701994379,0.08910533910533913
breast_cancer,IG-EHOA,130363,repeated_stratified_holdout,30,11,0.3666666666666666,0.0341282051282052,61,9.28799290000461,0.2797165000229142,2.0117149353027344,0.3357757649853258,"{""bootstrap_count"": 7, ""eta_consolidation"": 0.3, ""eta_exploration"": 0.45, ""interaction_top_k"": 50, ""lambda_interaction"": 0.5, ""lambda_stability"": 0.5, ""reliability_rho"": 0.6, ""reliability_source"": ""resampling"", ""resample_fraction"": 0.8, ""stability_interval"": 2, ""stability_strategy"": ""periodic"", ""weight_schedule"": ""adaptive""}","[1, 4, 7, 8, 11, 18, 19, 20, 22, 26, 27]",0.956140350877193,0.9553571428571428,0.965034965034965,0.90637859429323,0.9773478835978836,0.9779087794885704,0.9583333333333334,0.9523809523809524,-0.0820537016258018,0.33514256509374735,0.04991302020607513
breast_cancer,DFA-EHOA,130363,repeated_stratified_holdout,30,11,0.3666666666666666,0.0341282051282052,54,10.355676000006495,0.2740048000123352,1.9576215744018557,0.3357757649853258,"{""bootstrap_count"": 7, ""eta_consolidation"": 0.3, ""eta_exploration"": 0.45, ""interaction_top_k"": 50, ""lambda_interaction"": 0.5, ""lambda_stability"": 0.5, ""reliability_rho"": 0.6, ""reliability_source"": ""resampling"", ""resample_fraction"": 0.8, ""stability_interval"": 2, ""stability_strategy"": ""periodic"", ""weight_schedule"": ""adaptive""}","[1, 4, 7, 8, 11, 18, 19, 20, 22, 26, 27]",0.956140350877193,0.9553571428571428,0.965034965034965,0.90637859429323,0.9773478835978836,0.9779087794885704,0.9583333333333334,0.9523809523809524,-0.0820537016258018,0.35288670065719463,0.1048155264608186
breast_cancer,EHOA,155921,repeated_stratified_holdout,30,14,0.4666666666666667,0.0242490842490841,66,2.8999917000182904,0.2935410999925807,1.4279193878173828,0.3902430824982558,"{""bootstrap_count"": 7, ""eta_consolidation"": 0.3, ""eta_exploration"": 0.45, ""interaction_top_k"": 50, ""lambda_interaction"": 0.5, ""lambda_stability"": 0.5, ""reliability_rho"": 0.6, ""reliability_source"": ""resampling"", ""resample_fraction"": 0.8, ""stability_interval"": 2, ""stability_strategy"": ""periodic"", ""weight_schedule"": ""adaptive""}","[0, 3, 6, 9, 10, 12, 13, 15, 16, 18, 21, 24, 27, 29]",0.9736842105263158,0.9692460317460316,0.9793103448275862,0.9433397594898876,0.982638888888889,0.981321678200496,0.9861111111111112,0.9523809523809524,-0.3085196231107673,0.35886031944155516,0.03220547478250557
breast_cancer,SF-EHOA,155921,repeated_stratified_holdout,30,13,0.4333333333333333,0.0282673992673991,57,8.357601499999873,0.2847968999994918,2.03676986694336,0.4001963005730517,"{""bootstrap_count"": 7, ""eta_consolidation"": 0.3, ""eta_exploration"": 0.45, ""interaction_top_k"": 50, ""lambda_interaction"": 0.5, ""lambda_stability"": 0.5, ""reliability_rho"": 0.6, ""reliability_source"": ""resampling"", ""resample_fraction"": 0.8, ""stability_interval"": 2, ""stability_strategy"": ""periodic"", ""weight_schedule"": ""adaptive""}","[0, 3, 6, 7, 9, 10, 12, 16, 18, 21, 24, 27, 29]",0.9736842105263158,0.9692460317460316,0.9793103448275862,0.9433397594898876,0.9928902116402116,0.9948278591436782,0.9861111111111112,0.9523809523809524,-0.2777602750411082,0.329340701994379,0.08910533910533913
breast_cancer,IG-EHOA,155921,repeated_stratified_holdout,30,13,0.4333333333333333,0.0217399267399266,79,9.513313699979337,0.3459406000329181,2.040651321411133,0.4015121445175351,"{""bootstrap_count"": 7, ""eta_consolidation"": 0.3, ""eta_exploration"": 0.45, ""interaction_top_k"": 50, ""lambda_interaction"": 0.5, ""lambda_stability"": 0.5, ""reliability_rho"": 0.6, ""reliability_source"": ""resampling"", ""resample_fraction"": 0.8, ""stability_interval"": 2, ""stability_strategy"": ""periodic"", ""weight_schedule"": ""adaptive""}","[0, 4, 6, 10, 12, 16, 18, 20, 21, 23, 24, 27, 29]",0.9736842105263158,0.9642857142857144,0.979591836734694,0.9441549509633318,0.998015873015873,0.9977777777777778,1.0,0.9285714285714286,-0.2558973523094788,0.33514256509374735,0.04991302020607513
breast_cancer,DFA-EHOA,155921,repeated_stratified_holdout,30,13,0.4333333333333333,0.0217399267399266,78,9.55450839997502,0.2679618000402115,1.9564838409423828,0.4027582696899429,"{""bootstrap_count"": 7, ""eta_consolidation"": 0.3, ""eta_exploration"": 0.45, ""interaction_top_k"": 50, ""lambda_interaction"": 0.5, ""lambda_stability"": 0.5, ""reliability_rho"": 0.6, ""reliability_source"": ""resampling"", ""resample_fraction"": 0.8, ""stability_interval"": 2, ""stability_strategy"": ""periodic"", ""weight_schedule"": ""adaptive""}","[3, 4, 6, 10, 12, 16, 18, 20, 21, 23, 24, 27, 29]",0.9736842105263158,0.9642857142857144,0.979591836734694,0.9441549509633318,0.9975198412698414,0.9972222222222222,1.0,0.9285714285714286,-0.2630986690092801,0.35288670065719463,0.1048155264608186
breast_cancer,EHOA,196613,repeated_stratified_holdout,30,16,0.5333333333333333,0.0227399267399266,72,2.7643865999998525,0.3848357000388205,1.442896842956543,0.386143124621899,"{""bootstrap_count"": 7, ""eta_consolidation"": 0.3, ""eta_exploration"": 0.45, ""interaction_top_k"": 50, ""lambda_interaction"": 0.5, ""lambda_stability"": 0.5, ""reliability_rho"": 0.6, ""reliability_source"": ""resampling"", ""resample_fraction"": 0.8, ""stability_interval"": 2, ""stability_strategy"": ""periodic"", ""weight_schedule"": ""adaptive""}","[0, 1, 3, 5, 6, 7, 11, 15, 16, 18, 19, 20, 21, 24, 25, 26]",0.9298245614035088,0.9246031746031746,0.9444444444444444,0.8492063492063492,0.980489417989418,0.9802542849498476,0.9444444444444444,0.9047619047619048,-0.3124511983450783,0.35886031944155516,0.03220547478250557
breast_cancer,SF-EHOA,196613,repeated_stratified_holdout,30,12,0.4,0.0214065934065935,71,9.26446879998548,0.3051178999594413,2.0187816619873047,0.440118203232863,"{""bootstrap_count"": 7, ""eta_consolidation"": 0.3, ""eta_exploration"": 0.45, ""interaction_top_k"": 50, ""lambda_interaction"": 0.5, ""lambda_stability"": 0.5, ""reliability_rho"": 0.6, ""reliability_source"": ""resampling"", ""resample_fraction"": 0.8, ""stability_interval"": 2, ""stability_strategy"": ""periodic"", ""weight_schedule"": ""adaptive""}","[0, 2, 3, 7, 10, 12, 16, 19, 21, 24, 25, 27]",0.9210526315789472,0.9126984126984128,0.9379310344827586,0.8296603381560111,0.9670965608465608,0.9651658684576288,0.9444444444444444,0.8809523809523809,-0.3027669951279541,0.329340701994379,0.08910533910533913
breast_cancer,IG-EHOA,196613,repeated_stratified_holdout,30,13,0.4333333333333333,0.0217399267399266,88,9.840235699957702,0.3187963999807834,2.027909278869629,0.421808085405025,"{""bootstrap_count"": 7, ""eta_consolidation"": 0.3, ""eta_exploration"": 0.45, ""interaction_top_k"": 50, ""lambda_interaction"": 0.5, ""lambda_stability"": 0.5, ""reliability_rho"": 0.6, ""reliability_source"": ""resampling"", ""resample_fraction"": 0.8, ""stability_interval"": 2, ""stability_strategy"": ""periodic"", ""weight_schedule"": ""adaptive""}","[0, 2, 5, 7, 9, 16, 17, 18, 20, 21, 24, 25, 27]",0.9210526315789472,0.9126984126984128,0.9379310344827586,0.8296603381560111,0.966931216931217,0.965460923158295,0.9444444444444444,0.8809523809523809,-0.324402871306664,0.33514256509374735,0.04991302020607513
breast_cancer,DFA-EHOA,196613,repeated_stratified_holdout,30,10,0.3333333333333333,0.0163882783882783,88,10.086579800001346,0.2593871999997645,2.033135414123535,0.3514201330564487,"{""bootstrap_count"": 7, ""eta_consolidation"": 0.3, ""eta_exploration"": 0.45, ""interaction_top_k"": 50, ""lambda_interaction"": 0.5, ""lambda_stability"": 0.5, ""reliability_rho"": 0.6, ""reliability_source"": ""resampling"", ""resample_fraction"": 0.8, ""stability_interval"": 2, ""stability_strategy"": ""periodic"", ""weight_schedule"": ""adaptive""}","[0, 7, 9, 16, 17, 18, 20, 21, 24, 26]",0.9210526315789472,0.9077380952380952,0.9387755102040816,0.8291617197562593,0.9618055555555556,0.9622405559593268,0.9583333333333334,0.8571428571428571,-0.1050180280307131,0.35288670065719463,0.1048155264608186
breast_cancer,EHOA,262147,repeated_stratified_holdout,30,15,0.5,0.0332857142857141,79,3.401020299992524,0.2784712999709882,1.4695558547973633,0.3803159499810128,"{""bootstrap_count"": 7, ""eta_consolidation"": 0.3, ""eta_exploration"": 0.45, ""interaction_top_k"": 50, ""lambda_interaction"": 0.5, ""lambda_stability"": 0.5, ""reliability_rho"": 0.6, ""reliability_source"": ""resampling"", ""resample_fraction"": 0.8, ""stability_interval"": 2, ""stability_strategy"": ""periodic"", ""weight_schedule"": ""adaptive""}","[1, 2, 3, 4, 6, 7, 8, 11, 13, 14, 17, 20, 21, 22, 24]",0.9385964912280702,0.9365079365079364,0.951048951048951,0.868859654660177,0.9823082010582012,0.9812227095906556,0.9444444444444444,0.9285714285714286,-0.3291397919348465,0.35886031944155516,0.03220547478250557
breast_cancer,SF-EHOA,262147,repeated_stratified_holdout,30,12,0.4,0.0344615384615383,75,9.406816800008528,0.3178674000082537,2.047928810119629,0.3821441668715409,"{""bootstrap_count"": 7, ""eta_consolidation"": 0.3, ""eta_exploration"": 0.45, ""interaction_top_k"": 50, ""lambda_interaction"": 0.5, ""lambda_stability"": 0.5, ""reliability_rho"": 0.6, ""reliability_source"": ""resampling"", ""resample_fraction"": 0.8, ""stability_interval"": 2, ""stability_strategy"": ""periodic"", ""weight_schedule"": ""adaptive""}","[1, 2, 5, 6, 8, 14, 16, 17, 20, 21, 22, 24]",0.956140350877193,0.9603174603174602,0.9645390070921984,0.9085472857180888,0.9814814814814816,0.979829578181108,0.9444444444444444,0.9761904761904762,-0.280383874877163,0.329340701994379,0.08910533910533913
breast_cancer,IG-EHOA,262147,repeated_stratified_holdout,30,16,0.5333333333333333,0.0336190476190475,60,9.884194000042044,0.3119580000056885,2.0199403762817383,0.4373879561353586,"{""bootstrap_count"": 7, ""eta_consolidation"": 0.3, ""eta_exploration"": 0.45, ""interaction_top_k"": 50, ""lambda_interaction"": 0.5, ""lambda_stability"": 0.5, ""reliability_rho"": 0.6, ""reliability_source"": ""resampling"", ""resample_fraction"": 0.8, ""stability_interval"": 2, ""stability_strategy"": ""periodic"", ""weight_schedule"": ""adaptive""}","[1, 3, 5, 6, 7, 10, 15, 16, 17, 18, 19, 20, 21, 24, 26, 27]",0.9473684210526316,0.9484126984126984,0.9577464788732394,0.8886350389948482,0.982473544973545,0.9807328447953448,0.9444444444444444,0.9523809523809524,-0.4709400558247732,0.33514256509374735,0.04991302020607513
breast_cancer,DFA-EHOA,262147,repeated_stratified_holdout,30,17,0.5666666666666667,0.0317765567765566,70,9.704839999962132,0.298632699996233,2.039907455444336,0.4289148278728245,"{""bootstrap_count"": 7, ""eta_consolidation"": 0.3, ""eta_exploration"": 0.45, ""interaction_top_k"": 50, ""lambda_interaction"": 0.5, ""lambda_stability"": 0.5, ""reliability_rho"": 0.6, ""reliability_source"": ""resampling"", ""resample_fraction"": 0.8, ""stability_interval"": 2, ""stability_strategy"": ""periodic"", ""weight_schedule"": ""adaptive""}","[1, 3, 5, 6, 7, 10, 15, 16, 17, 18, 19, 20, 21, 24, 26, 27, 29]",0.9473684210526316,0.9484126984126984,0.9577464788732394,0.8886350389948482,0.9829695767195769,0.9811895067803028,0.9444444444444444,0.9523809523809524,-0.4542699526140784,0.35288670065719463,0.1048155264608186
wine,EHOA,42,repeated_stratified_holdout,13,7,0.5384615384615384,0.026598901098901,71,2.711890599981416,0.2463545000064186,0.7693233489990234,0.3359379590974614,"{""bootstrap_count"": 7, ""eta_consolidation"": 0.3, ""eta_exploration"": 0.45, ""interaction_top_k"": 50, ""lambda_interaction"": 0.5, ""lambda_stability"": 0.5, ""reliability_rho"": 0.6, ""reliability_source"": ""resampling"", ""resample_fraction"": 0.8, ""stability_interval"": 2, ""stability_strategy"": ""periodic"", ""weight_schedule"": ""adaptive""}","[0, 2, 5, 6, 9, 10, 12]",0.9444444444444444,0.9523809523809524,0.9487179487179488,0.9205607476635514,0.9955958393458394,0.9876283846872084,0.9523809523809524,0.9722222222222222,0.4462682857946953,0.4731433381433382,0.21884882985452248
wine,SF-EHOA,42,repeated_stratified_holdout,13,7,0.5384615384615384,0.026598901098901,76,6.814084299956448,0.2922332999878563,0.947002410888672,0.3359379590974614,"{""bootstrap_count"": 7, ""eta_consolidation"": 0.3, ""eta_exploration"": 0.45, ""interaction_top_k"": 50, ""lambda_interaction"": 0.5, ""lambda_stability"": 0.5, ""reliability_rho"": 0.6, ""reliability_source"": ""resampling"", ""resample_fraction"": 0.8, ""stability_interval"": 2, ""stability_strategy"": ""periodic"", ""weight_schedule"": ""adaptive""}","[0, 2, 5, 6, 9, 10, 12]",0.9444444444444444,0.9523809523809524,0.9487179487179488,0.9205607476635514,0.9955958393458394,0.9876283846872084,0.9523809523809524,0.9722222222222222,0.4462682857946953,0.46967933301266646,0.20725429634909298
wine,IG-EHOA,42,repeated_stratified_holdout,13,6,0.4615384615384615,0.0185143993937097,66,6.188258000009228,0.2362257999484427,0.9738664627075196,0.3111043930386961,"{""bootstrap_count"": 7, ""eta_consolidation"": 0.3, ""eta_exploration"": 0.45, ""interaction_top_k"": 50, ""lambda_interaction"": 0.5, ""lambda_stability"": 0.5, ""reliability_rho"": 0.6, ""reliability_source"": ""resampling"", ""resample_fraction"": 0.8, ""stability_interval"": 2, ""stability_strategy"": ""periodic"", ""weight_schedule"": ""adaptive""}","[0, 1, 3, 6, 9, 12]",0.9722222222222222,0.9666666666666668,0.970961887477314,0.958888466336381,0.9724109224109224,0.9461073318216174,0.9666666666666668,0.9848484848484848,0.4957710864465541,0.5180002713336047,0.2667092379736057
wine,DFA-EHOA,42,repeated_stratified_holdout,13,6,0.4615384615384615,0.0255858279651382,73,6.73261679999996,0.2019326000008732,0.952117919921875,0.2792425774631207,"{""bootstrap_count"": 7, ""eta_consolidation"": 0.3, ""eta_exploration"": 0.45, ""interaction_top_k"": 50, ""lambda_interaction"": 0.5, ""lambda_stability"": 0.5, ""reliability_rho"": 0.6, ""reliability_source"": ""resampling"", ""resample_fraction"": 0.8, ""stability_interval"": 2, ""stability_strategy"": ""periodic"", ""weight_schedule"": ""adaptive""}","[0, 2, 3, 6, 9, 10]",0.9444444444444444,0.9523809523809524,0.9487179487179488,0.9205607476635514,0.9977603415103414,0.9928571428571428,0.9523809523809524,0.9722222222222222,0.4584830775886537,0.49568302068302067,0.2552994905097542
wine,EHOA,123,repeated_stratified_holdout,13,7,0.5384615384615384,0.0261112163698371,37,1.6696843999670818,0.219671799975913,0.7373142242431641,0.2974826707436198,"{""bootstrap_count"": 7, ""eta_consolidation"": 0.3, ""eta_exploration"": 0.45, ""interaction_top_k"": 50, ""lambda_interaction"": 0.5, ""lambda_stability"": 0.5, ""reliability_rho"": 0.6, ""reliability_source"": ""resampling"", ""resample_fraction"": 0.8, ""stability_interval"": 2, ""stability_strategy"": ""periodic"", ""weight_schedule"": ""adaptive""}","[0, 2, 6, 8, 9, 10, 12]",0.9444444444444444,0.9523809523809524,0.9487179487179488,0.9205607476635514,0.9800309644059644,0.9578500203500204,0.9523809523809524,0.9722222222222222,0.5959438591960168,0.4731433381433382,0.21884882985452248
wine,SF-EHOA,123,repeated_stratified_holdout,13,6,0.4615384615384615,0.0324134141720347,40,4.986657799978275,0.2482694000354968,0.9599275588989258,0.3399948664817042,"{""bootstrap_count"": 7, ""eta_consolidation"": 0.3, ""eta_exploration"": 0.45, ""interaction_top_k"": 50, ""lambda_interaction"": 0.5, ""lambda_stability"": 0.5, ""reliability_rho"": 0.6, ""reliability_source"": ""resampling"", ""resample_fraction"": 0.8, ""stability_interval"": 2, ""stability_strategy"": ""periodic"", ""weight_schedule"": ""adaptive""}","[0, 2, 5, 6, 10, 12]",0.9444444444444444,0.9523809523809524,0.9487179487179488,0.9205607476635514,0.9783700096200096,0.9543178382464096,0.9523809523809524,0.9722222222222222,0.5068051395978553,0.46967933301266646,0.20725429634909298
wine,IG-EHOA,123,repeated_stratified_holdout,13,9,0.6923076923076923,0.034477264115195,36,4.9206320000230335,0.2465686000068672,0.9370574951171876,0.2990772767152825,"{""bootstrap_count"": 7, ""eta_consolidation"": 0.3, ""eta_exploration"": 0.45, ""interaction_top_k"": 50, ""lambda_interaction"": 0.5, ""lambda_stability"": 0.5, ""reliability_rho"": 0.6, ""reliability_source"": ""resampling"", ""resample_fraction"": 0.8, ""stability_interval"": 2, ""stability_strategy"": ""periodic"", ""weight_schedule"": ""adaptive""}","[0, 2, 4, 6, 7, 9, 10, 11, 12]",0.9722222222222222,0.9761904761904764,0.974320987654321,0.9591605129565426,0.9800309644059644,0.9578500203500204,0.9761904761904764,0.9861111111111112,0.4802900920219606,0.5180002713336047,0.2667092379736057
wine,DFA-EHOA,123,repeated_stratified_holdout,13,9,0.6923076923076923,0.034477264115195,37,5.612183600023855,0.236923599964939,0.9734773635864258,0.2990772767152825,"{""bootstrap_count"": 7, ""eta_consolidation"": 0.3, ""eta_exploration"": 0.45, ""interaction_top_k"": 50, ""lambda_interaction"": 0.5, ""lambda_stability"": 0.5, ""reliability_rho"": 0.6, ""reliability_source"": ""resampling"", ""resample_fraction"": 0.8, ""stability_interval"": 2, ""stability_strategy"": ""periodic"", ""weight_schedule"": ""adaptive""}","[0, 2, 4, 6, 7, 9, 10, 11, 12]",0.9722222222222222,0.9761904761904764,0.974320987654321,0.9591605129565426,0.9800309644059644,0.9578500203500204,0.9761904761904764,0.9861111111111112,0.4802900920219606,0.49568302068302067,0.2552994905097542
wine,EHOA,2026,repeated_stratified_holdout,13,7,0.5384615384615384,0.0190397877984084,28,1.1679168999544345,0.2056177000049501,0.7356595993041992,0.2987189786929232,"{""bootstrap_count"": 7, ""eta_consolidation"": 0.3, ""eta_exploration"": 0.45, ""interaction_top_k"": 50, ""lambda_interaction"": 0.5, ""lambda_stability"": 0.5, ""reliability_rho"": 0.6, ""reliability_source"": ""resampling"", ""resample_fraction"": 0.8, ""stability_interval"": 2, ""stability_strategy"": ""periodic"", ""weight_schedule"": ""adaptive""}","[0, 1, 3, 4, 6, 9, 12]",0.9444444444444444,0.942857142857143,0.94531328320802,0.9167700309890296,0.9723110223110224,0.9475921565207278,0.942857142857143,0.970959595959596,0.3958756436901502,0.4731433381433382,0.21884882985452248
wine,SF-EHOA,2026,repeated_stratified_holdout,13,8,0.6153846153846154,0.0129814323607427,27,5.260827600024641,0.2937548999907449,0.9401922225952148,0.30834019940187,"{""bootstrap_count"": 7, ""eta_consolidation"": 0.3, ""eta_exploration"": 0.45, ""interaction_top_k"": 50, ""lambda_interaction"": 0.5, ""lambda_stability"": 0.5, ""reliability_rho"": 0.6, ""reliability_source"": ""resampling"", ""resample_fraction"": 0.8, ""stability_interval"": 2, ""stability_strategy"": ""periodic"", ""weight_schedule"": ""adaptive""}","[0, 1, 3, 4, 6, 9, 11, 12]",0.9444444444444444,0.942857142857143,0.94531328320802,0.9167700309890296,0.9971944721944722,0.9919810348381776,0.942857142857143,0.970959595959596,0.4254569078698591,0.46967933301266646,0.20725429634909298
wine,IG-EHOA,2026,repeated_stratified_holdout,13,8,0.6153846153846154,0.0129814323607427,29,5.964426800026558,0.290259999979753,0.9127168655395508,0.30834019940187,"{""bootstrap_count"": 7, ""eta_consolidation"": 0.3, ""eta_exploration"": 0.45, ""interaction_top_k"": 50, ""lambda_interaction"": 0.5, ""lambda_stability"": 0.5, ""reliability_rho"": 0.6, ""reliability_source"": ""resampling"", ""resample_fraction"": 0.8, ""stability_interval"": 2, ""stability_strategy"": ""periodic"", ""weight_schedule"": ""adaptive""}","[0, 1, 3, 4, 6, 9, 11, 12]",0.9444444444444444,0.942857142857143,0.94531328320802,0.9167700309890296,0.9971944721944722,0.9919810348381776,0.942857142857143,0.970959595959596,0.4254569078698591,0.5180002713336047,0.2667092379736057
wine,DFA-EHOA,2026,repeated_stratified_holdout,13,8,0.6153846153846154,0.0129814323607427,29,5.1132710999809206,0.3419131999835372,0.967327117919922,0.30834019940187,"{""bootstrap_count"": 7, ""eta_consolidation"": 0.3, ""eta_exploration"": 0.45, ""interaction_top_k"": 50, ""lambda_interaction"": 0.5, ""lambda_stability"": 0.5, ""reliability_rho"": 0.6, ""reliability_source"": ""resampling"", ""resample_fraction"": 0.8, ""stability_interval"": 2, ""stability_strategy"": ""periodic"", ""weight_schedule"": ""adaptive""}","[0, 1, 3, 4, 6, 9, 11, 12]",0.9444444444444444,0.942857142857143,0.94531328320802,0.9167700309890296,0.9971944721944722,0.9919810348381776,0.942857142857143,0.970959595959596,0.4254569078698591,0.49568302068302067,0.2552994905097542
wine,EHOA,3407,repeated_stratified_holdout,13,7,0.5384615384615384,0.026598901098901,64,2.7370499999960884,0.2509848999907262,0.7667274475097656,0.3180410377507685,"{""bootstrap_count"": 7, ""eta_consolidation"": 0.3, ""eta_exploration"": 0.45, ""interaction_top_k"": 50, ""lambda_interaction"": 0.5, ""lambda_stability"": 0.5, ""reliability_rho"": 0.6, ""reliability_source"": ""resampling"", ""resample_fraction"": 0.8, ""stability_interval"": 2, ""stability_strategy"": ""periodic"", ""weight_schedule"": ""adaptive""}","[0, 2, 3, 5, 9, 11, 12]",0.9166666666666666,0.9285714285714284,0.9184859584859586,0.8821476250549224,0.997219215969216,0.9915248150542268,0.9285714285714284,0.9594017094017094,0.4343757778301672,0.4731433381433382,0.21884882985452248
wine,SF-EHOA,3407,repeated_stratified_holdout,13,9,0.6923076923076923,0.0278935202728305,73,7.46579039999051,0.2123268999857828,0.9388961791992188,0.2644820708829065,"{""bootstrap_count"": 7, ""eta_consolidation"": 0.3, ""eta_exploration"": 0.45, ""interaction_top_k"": 50, ""lambda_interaction"": 0.5, ""lambda_stability"": 0.5, ""reliability_rho"": 0.6, ""reliability_source"": ""resampling"", ""resample_fraction"": 0.8, ""stability_interval"": 2, ""stability_strategy"": ""periodic"", ""weight_schedule"": ""adaptive""}","[0, 1, 2, 3, 4, 5, 8, 9, 12]",0.8333333333333334,0.8476190476190476,0.8304195804195804,0.7616822429906542,0.9707042957042956,0.931912901912902,0.8476190476190476,0.9186091686091684,0.3755152297630791,0.46967933301266646,0.20725429634909298
wine,IG-EHOA,3407,repeated_stratified_holdout,13,9,0.6923076923076923,0.0278935202728305,68,6.901900199998636,0.2327592000365257,0.9620027542114258,0.2644820708829065,"{""bootstrap_count"": 7, ""eta_consolidation"": 0.3, ""eta_exploration"": 0.45, ""interaction_top_k"": 50, ""lambda_interaction"": 0.5, ""lambda_stability"": 0.5, ""reliability_rho"": 0.6, ""reliability_source"": ""resampling"", ""resample_fraction"": 0.8, ""stability_interval"": 2, ""stability_strategy"": ""periodic"", ""weight_schedule"": ""adaptive""}","[0, 1, 2, 3, 4, 5, 8, 9, 12]",0.8333333333333334,0.8476190476190476,0.8304195804195804,0.7616822429906542,0.9707042957042956,0.931912901912902,0.8476190476190476,0.9186091686091684,0.3755152297630791,0.5180002713336047,0.2667092379736057
wine,DFA-EHOA,3407,repeated_stratified_holdout,13,7,0.5384615384615384,0.026598901098901,71,7.685586600040551,0.2368274999898858,0.9435243606567384,0.3180410377507685,"{""bootstrap_count"": 7, ""eta_consolidation"": 0.3, ""eta_exploration"": 0.45, ""interaction_top_k"": 50, ""lambda_interaction"": 0.5, ""lambda_stability"": 0.5, ""reliability_rho"": 0.6, ""reliability_source"": ""resampling"", ""resample_fraction"": 0.8, ""stability_interval"": 2, ""stability_strategy"": ""periodic"", ""weight_schedule"": ""adaptive""}","[0, 2, 3, 5, 9, 11, 12]",0.9166666666666666,0.9285714285714284,0.9184859584859586,0.8821476250549224,0.997219215969216,0.9915248150542268,0.9285714285714284,0.9594017094017094,0.4343757778301672,0.49568302068302067,0.2552994905097542
wine,EHOA,7919,repeated_stratified_holdout,13,7,0.5384615384615384,0.0124560439560439,39,1.6191939000273123,0.2329337999690324,0.7463808059692383,0.2706103580719278,"{""bootstrap_count"": 7, ""eta_consolidation"": 0.3, ""eta_exploration"": 0.45, ""interaction_top_k"": 50, ""lambda_interaction"": 0.5, ""lambda_stability"": 0.5, ""reliability_rho"": 0.6, ""reliability_source"": ""resampling"", ""resample_fraction"": 0.8, ""stability_interval"": 2, ""stability_strategy"": ""periodic"", ""weight_schedule"": ""adaptive""}","[0, 2, 3, 8, 9, 11, 12]",0.9166666666666666,0.9246031746031744,0.9181671790367442,0.8777701959773005,0.9945135882635882,0.9869440083725798,0.9246031746031744,0.9592074592074592,0.5060052741668752,0.4731433381433382,0.21884882985452248
wine,SF-EHOA,7919,repeated_stratified_holdout,13,6,0.4615384615384615,0.0116868131868131,41,5.276584799983539,0.2725878999917768,0.9480772018432616,0.2994958300218152,"{""bootstrap_count"": 7, ""eta_consolidation"": 0.3, ""eta_exploration"": 0.45, ""interaction_top_k"": 50, ""lambda_interaction"": 0.5, ""lambda_stability"": 0.5, ""reliability_rho"": 0.6, ""reliability_source"": ""resampling"", ""resample_fraction"": 0.8, ""stability_interval"": 2, ""stability_strategy"": ""periodic"", ""weight_schedule"": ""adaptive""}","[0, 2, 3, 9, 11, 12]",0.9166666666666666,0.9246031746031744,0.9181671790367442,0.8777701959773005,0.9955958393458392,0.989080760509332,0.9246031746031744,0.9592074592074592,0.5191752190192002,0.46967933301266646,0.20725429634909298
wine,IG-EHOA,7919,repeated_stratified_holdout,13,6,0.4615384615384615,0.0258296703296702,23,5.014140299987048,0.2409904999658465,0.9092121124267578,0.3158051677165973,"{""bootstrap_count"": 7, ""eta_consolidation"": 0.3, ""eta_exploration"": 0.45, ""interaction_top_k"": 50, ""lambda_interaction"": 0.5, ""lambda_stability"": 0.5, ""reliability_rho"": 0.6, ""reliability_source"": ""resampling"", ""resample_fraction"": 0.8, ""stability_interval"": 2, ""stability_strategy"": ""periodic"", ""weight_schedule"": ""adaptive""}","[0, 2, 3, 5, 9, 12]",0.9166666666666666,0.9246031746031744,0.9181671790367442,0.8777701959773005,0.993393759018759,0.9848572762438308,0.9246031746031744,0.9592074592074592,0.3638278820146357,0.5180002713336047,0.2667092379736057
wine,DFA-EHOA,7919,repeated_stratified_holdout,13,7,0.5384615384615384,0.0195274725274724,31,4.913320599996951,0.2099043999915011,0.9571475982666016,0.3070665020065335,"{""bootstrap_count"": 7, ""eta_consolidation"": 0.3, ""eta_exploration"": 0.45, ""interaction_top_k"": 50, ""lambda_interaction"": 0.5, ""lambda_stability"": 0.5, ""reliability_rho"": 0.6, ""reliability_source"": ""resampling"", ""resample_fraction"": 0.8, ""stability_interval"": 2, ""stability_strategy"": ""periodic"", ""weight_schedule"": ""adaptive""}","[0, 2, 3, 5, 9, 11, 12]",0.9166666666666666,0.9246031746031744,0.9181671790367442,0.8777701959773005,0.996174543049543,0.9910256410256412,0.9246031746031744,0.9592074592074592,0.430689242891336,0.49568302068302067,0.2552994905097542
wine,EHOA,104729,repeated_stratified_holdout,13,6,0.4615384615384615,0.0255858279651382,45,1.904483899998013,0.28344540001126,0.7390565872192383,0.3309772139393671,"{""bootstrap_count"": 7, ""eta_consolidation"": 0.3, ""eta_exploration"": 0.45, ""interaction_top_k"": 50, ""lambda_interaction"": 0.5, ""lambda_stability"": 0.5, ""reliability_rho"": 0.6, ""reliability_source"": ""resampling"", ""resample_fraction"": 0.8, ""stability_interval"": 2, ""stability_strategy"": ""periodic"", ""weight_schedule"": ""adaptive""}","[1, 3, 6, 9, 11, 12]",0.8888888888888888,0.9047619047619048,0.8885003885003885,0.8457943925233645,1.0,1.0,0.9047619047619048,0.9465811965811964,0.4482471261441006,0.4731433381433382,0.21884882985452248
wine,SF-EHOA,104729,repeated_stratified_holdout,13,6,0.4615384615384615,0.0255858279651382,51,5.439043699996546,0.2248675999580882,0.9074621200561525,0.3309772139393671,"{""bootstrap_count"": 7, ""eta_consolidation"": 0.3, ""eta_exploration"": 0.45, ""interaction_top_k"": 50, ""lambda_interaction"": 0.5, ""lambda_stability"": 0.5, ""reliability_rho"": 0.6, ""reliability_source"": ""resampling"", ""resample_fraction"": 0.8, ""stability_interval"": 2, ""stability_strategy"": ""periodic"", ""weight_schedule"": ""adaptive""}","[1, 3, 6, 9, 11, 12]",0.8888888888888888,0.9047619047619048,0.8885003885003885,0.8457943925233645,1.0,1.0,0.9047619047619048,0.9465811965811964,0.4482471261441006,0.46967933301266646,0.20725429634909298
wine,IG-EHOA,104729,repeated_stratified_holdout,13,8,0.6153846153846154,0.0273681318681318,46,5.389352299971506,0.2248262999928556,0.9709625244140624,0.3226905996837347,"{""bootstrap_count"": 7, ""eta_consolidation"": 0.3, ""eta_exploration"": 0.45, ""interaction_top_k"": 50, ""lambda_interaction"": 0.5, ""lambda_stability"": 0.5, ""reliability_rho"": 0.6, ""reliability_source"": ""resampling"", ""resample_fraction"": 0.8, ""stability_interval"": 2, ""stability_strategy"": ""periodic"", ""weight_schedule"": ""adaptive""}","[0, 1, 3, 6, 7, 9, 11, 12]",0.9444444444444444,0.9523809523809524,0.944055944055944,0.9209401941068136,0.9816849816849818,0.9551467051467052,0.9523809523809524,0.9743589743589745,0.3869867718073378,0.5180002713336047,0.2667092379736057
wine,DFA-EHOA,104729,repeated_stratified_holdout,13,6,0.4615384615384615,0.0255858279651382,56,5.805619199993089,0.2295902000041678,0.9612598419189452,0.3309772139393671,"{""bootstrap_count"": 7, ""eta_consolidation"": 0.3, ""eta_exploration"": 0.45, ""interaction_top_k"": 50, ""lambda_interaction"": 0.5, ""lambda_stability"": 0.5, ""reliability_rho"": 0.6, ""reliability_source"": ""resampling"", ""resample_fraction"": 0.8, ""stability_interval"": 2, ""stability_strategy"": ""periodic"", ""weight_schedule"": ""adaptive""}","[1, 3, 6, 9, 11, 12]",0.8888888888888888,0.9047619047619048,0.8885003885003885,0.8457943925233645,1.0,1.0,0.9047619047619048,0.9465811965811964,0.4482471261441006,0.49568302068302067,0.2552994905097542
wine,EHOA,130363,repeated_stratified_holdout,13,6,0.4615384615384615,0.0324134141720349,79,3.1947782999486662,0.2731309999944642,0.7822275161743164,0.2806994890411255,"{""bootstrap_count"": 7, ""eta_consolidation"": 0.3, ""eta_exploration"": 0.45, ""interaction_top_k"": 50, ""lambda_interaction"": 0.5, ""lambda_stability"": 0.5, ""reliability_rho"": 0.6, ""reliability_source"": ""resampling"", ""resample_fraction"": 0.8, ""stability_interval"": 2, ""stability_strategy"": ""periodic"", ""weight_schedule"": ""adaptive""}","[1, 3, 8, 9, 11, 12]",0.9722222222222222,0.9761904761904764,0.974320987654321,0.9591605129565426,1.0,1.0,0.9761904761904764,0.9861111111111112,0.5068047315256999,0.4731433381433382,0.21884882985452248
wine,SF-EHOA,130363,repeated_stratified_holdout,13,6,0.4615384615384615,0.0324134141720349,73,6.9282596000120975,0.2599421000340953,0.9779157638549804,0.3639948625064305,"{""bootstrap_count"": 7, ""eta_consolidation"": 0.3, ""eta_exploration"": 0.45, ""interaction_top_k"": 50, ""lambda_interaction"": 0.5, ""lambda_stability"": 0.5, ""reliability_rho"": 0.6, ""reliability_source"": ""resampling"", ""resample_fraction"": 0.8, ""stability_interval"": 2, ""stability_strategy"": ""periodic"", ""weight_schedule"": ""adaptive""}","[0, 3, 5, 6, 9, 12]",0.9444444444444444,0.9523809523809524,0.9451526251526252,0.9196796483051292,0.9800685425685426,0.9598087098087098,0.9523809523809524,0.9732905982905984,0.4383830219612979,0.46967933301266646,0.20725429634909298
wine,IG-EHOA,130363,repeated_stratified_holdout,13,5,0.3846153846153846,0.0311564986737398,79,7.231572599965148,0.2895459999563172,0.9459218978881836,0.3506621120055171,"{""bootstrap_count"": 7, ""eta_consolidation"": 0.3, ""eta_exploration"": 0.45, ""interaction_top_k"": 50, ""lambda_interaction"": 0.5, ""lambda_stability"": 0.5, ""reliability_rho"": 0.6, ""reliability_source"": ""resampling"", ""resample_fraction"": 0.8, ""stability_interval"": 2, ""stability_strategy"": ""periodic"", ""weight_schedule"": ""adaptive""}","[1, 5, 9, 11, 12]",0.9722222222222222,0.9761904761904764,0.974320987654321,0.9591605129565426,0.9989177489177488,0.9970238095238096,0.9761904761904764,0.9861111111111112,0.545047750283586,0.5180002713336047,0.2667092379736057
wine,DFA-EHOA,130363,repeated_stratified_holdout,13,7,0.5384615384615384,0.0331826449412657,73,8.760703499952797,0.242616800009273,0.9868812561035156,0.33171828427206,"{""bootstrap_count"": 7, ""eta_consolidation"": 0.3, ""eta_exploration"": 0.45, ""interaction_top_k"": 50, ""lambda_interaction"": 0.5, ""lambda_stability"": 0.5, ""reliability_rho"": 0.6, ""reliability_source"": ""resampling"", ""resample_fraction"": 0.8, ""stability_interval"": 2, ""stability_strategy"": ""periodic"", ""weight_schedule"": ""adaptive""}","[0, 2, 3, 5, 6, 9, 12]",0.9444444444444444,0.9523809523809524,0.9451526251526252,0.9196796483051292,1.0,1.0,0.9523809523809524,0.9732905982905984,0.3775217478630782,0.49568302068302067,0.2552994905097542
wine,EHOA,155921,repeated_stratified_holdout,13,8,0.6153846153846154,0.0341957180750283,35,1.4277950000250712,0.2194703000131994,0.7421455383300781,0.2853861823931021,"{""bootstrap_count"": 7, ""eta_consolidation"": 0.3, ""eta_exploration"": 0.45, ""interaction_top_k"": 50, ""lambda_interaction"": 0.5, ""lambda_stability"": 0.5, ""reliability_rho"": 0.6, ""reliability_source"": ""resampling"", ""resample_fraction"": 0.8, ""stability_interval"": 2, ""stability_strategy"": ""periodic"", ""weight_schedule"": ""adaptive""}","[0, 1, 4, 6, 7, 8, 9, 12]",1.0,1.0,1.0,1.0,1.0,1.0,1.0,1.0,0.393079454021396,0.4731433381433382,0.21884882985452248
wine,SF-EHOA,155921,repeated_stratified_holdout,13,8,0.6153846153846154,0.0341957180750283,28,4.8446162000182085,0.1962945000268519,0.9323139190673828,0.2853861823931021,"{""bootstrap_count"": 7, ""eta_consolidation"": 0.3, ""eta_exploration"": 0.45, ""interaction_top_k"": 50, ""lambda_interaction"": 0.5, ""lambda_stability"": 0.5, ""reliability_rho"": 0.6, ""reliability_source"": ""resampling"", ""resample_fraction"": 0.8, ""stability_interval"": 2, ""stability_strategy"": ""periodic"", ""weight_schedule"": ""adaptive""}","[0, 1, 4, 6, 7, 8, 9, 12]",1.0,1.0,1.0,1.0,1.0,1.0,1.0,1.0,0.393079454021396,0.46967933301266646,0.20725429634909298
wine,IG-EHOA,155921,repeated_stratified_holdout,13,8,0.6153846153846154,0.0341957180750283,34,4.8612331000040285,0.2521946000051684,0.9827880859375,0.2853861823931021,"{""bootstrap_count"": 7, ""eta_consolidation"": 0.3, ""eta_exploration"": 0.45, ""interaction_top_k"": 50, ""lambda_interaction"": 0.5, ""lambda_stability"": 0.5, ""reliability_rho"": 0.6, ""reliability_source"": ""resampling"", ""resample_fraction"": 0.8, ""stability_interval"": 2, ""stability_strategy"": ""periodic"", ""weight_schedule"": ""adaptive""}","[0, 1, 4, 6, 7, 8, 9, 12]",1.0,1.0,1.0,1.0,1.0,1.0,1.0,1.0,0.393079454021396,0.5180002713336047,0.2667092379736057
wine,DFA-EHOA,155921,repeated_stratified_holdout,13,8,0.6153846153846154,0.0341957180750283,29,5.050809199979994,0.2599234999506734,0.938323974609375,0.2853861823931021,"{""bootstrap_count"": 7, ""eta_consolidation"": 0.3, ""eta_exploration"": 0.45, ""interaction_top_k"": 50, ""lambda_interaction"": 0.5, ""lambda_stability"": 0.5, ""reliability_rho"": 0.6, ""reliability_source"": ""resampling"", ""resample_fraction"": 0.8, ""stability_interval"": 2, ""stability_strategy"": ""periodic"", ""weight_schedule"": ""adaptive""}","[0, 1, 4, 6, 7, 8, 9, 12]",1.0,1.0,1.0,1.0,1.0,1.0,1.0,1.0,0.393079454021396,0.49568302068302067,0.2552994905097542
wine,EHOA,196613,repeated_stratified_holdout,13,7,0.5384615384615384,0.0331826449412655,44,1.785605300043244,0.2346094000386074,0.7501993179321289,0.2913860625016073,"{""bootstrap_count"": 7, ""eta_consolidation"": 0.3, ""eta_exploration"": 0.45, ""interaction_top_k"": 50, ""lambda_interaction"": 0.5, ""lambda_stability"": 0.5, ""reliability_rho"": 0.6, ""reliability_source"": ""resampling"", ""resample_fraction"": 0.8, ""stability_interval"": 2, ""stability_strategy"": ""periodic"", ""weight_schedule"": ""adaptive""}","[0, 1, 4, 6, 7, 9, 12]",1.0,1.0,1.0,1.0,1.0,1.0,1.0,1.0,0.5007575933140507,0.4731433381433382,0.21884882985452248
wine,SF-EHOA,196613,repeated_stratified_holdout,13,7,0.5384615384615384,0.0331826449412655,49,5.450854399998207,0.2329945999663323,0.9756860733032228,0.2937590342977662,"{""bootstrap_count"": 7, ""eta_consolidation"": 0.3, ""eta_exploration"": 0.45, ""interaction_top_k"": 50, ""lambda_interaction"": 0.5, ""lambda_stability"": 0.5, ""reliability_rho"": 0.6, ""reliability_source"": ""resampling"", ""resample_fraction"": 0.8, ""stability_interval"": 2, ""stability_strategy"": ""periodic"", ""weight_schedule"": ""adaptive""}","[0, 1, 4, 9, 10, 11, 12]",0.9722222222222222,0.9722222222222222,0.9696342305037956,0.9591605129565426,0.9994212962962964,0.997863247863248,0.9722222222222222,0.9871794871794872,0.670465631177378,0.46967933301266646,0.20725429634909298
wine,IG-EHOA,196613,repeated_stratified_holdout,13,7,0.5384615384615384,0.0331826449412655,47,5.269991700013634,0.2556418000021949,0.9519424438476562,0.3487138341872964,"{""bootstrap_count"": 7, ""eta_consolidation"": 0.3, ""eta_exploration"": 0.45, ""interaction_top_k"": 50, ""lambda_interaction"": 0.5, ""lambda_stability"": 0.5, ""reliability_rho"": 0.6, ""reliability_source"": ""resampling"", ""resample_fraction"": 0.8, ""stability_interval"": 2, ""stability_strategy"": ""periodic"", ""weight_schedule"": ""adaptive""}","[0, 1, 6, 7, 9, 11, 12]",1.0,1.0,1.0,1.0,1.0,1.0,1.0,1.0,0.5488065291554944,0.5180002713336047,0.2667092379736057
wine,DFA-EHOA,196613,repeated_stratified_holdout,13,5,0.3846153846153846,0.0389594543387647,49,5.67598870000802,0.2216226999880746,0.9520101547241212,0.4039484800303519,"{""bootstrap_count"": 7, ""eta_consolidation"": 0.3, ""eta_exploration"": 0.45, ""interaction_top_k"": 50, ""lambda_interaction"": 0.5, ""lambda_stability"": 0.5, ""reliability_rho"": 0.6, ""reliability_source"": ""resampling"", ""resample_fraction"": 0.8, ""stability_interval"": 2, ""stability_strategy"": ""periodic"", ""weight_schedule"": ""adaptive""}","[0, 6, 9, 11, 12]",1.0,1.0,1.0,1.0,1.0,1.0,1.0,1.0,0.7544116698237083,0.49568302068302067,0.2552994905097542
wine,EHOA,262147,repeated_stratified_holdout,13,6,0.4615384615384615,0.0324134141720347,44,1.934380599996075,0.2053759999689646,0.7464351654052734,0.3583999973428739,"{""bootstrap_count"": 7, ""eta_consolidation"": 0.3, ""eta_exploration"": 0.45, ""interaction_top_k"": 50, ""lambda_interaction"": 0.5, ""lambda_stability"": 0.5, ""reliability_rho"": 0.6, ""reliability_source"": ""resampling"", ""resample_fraction"": 0.8, ""stability_interval"": 2, ""stability_strategy"": ""periodic"", ""weight_schedule"": ""adaptive""}","[0, 1, 6, 9, 11, 12]",0.9722222222222222,0.9761904761904764,0.9717813051146384,0.9592607977258564,0.9966533466533466,0.990704032809296,0.9761904761904764,0.9871794871794872,0.7334529904217373,0.4731433381433382,0.21884882985452248
wine,SF-EHOA,262147,repeated_stratified_holdout,13,6,0.4615384615384615,0.0324134141720347,39,4.991207399987616,0.2237888000090606,0.973031997680664,0.3583999973428739,"{""bootstrap_count"": 7, ""eta_consolidation"": 0.3, ""eta_exploration"": 0.45, ""interaction_top_k"": 50, ""lambda_interaction"": 0.5, ""lambda_stability"": 0.5, ""reliability_rho"": 0.6, ""reliability_source"": ""resampling"", ""resample_fraction"": 0.8, ""stability_interval"": 2, ""stability_strategy"": ""periodic"", ""weight_schedule"": ""adaptive""}","[0, 1, 6, 9, 11, 12]",0.9722222222222222,0.9761904761904764,0.9717813051146384,0.9592607977258564,0.9966533466533466,0.990704032809296,0.9761904761904764,0.9871794871794872,0.7334529904217373,0.46967933301266646,0.20725429634909298
wine,IG-EHOA,262147,repeated_stratified_holdout,13,6,0.4615384615384615,0.0321695718075028,43,5.330634599959012,0.2326913999859243,0.9326286315917968,0.3029491893876345,"{""bootstrap_count"": 7, ""eta_consolidation"": 0.3, ""eta_exploration"": 0.45, ""interaction_top_k"": 50, ""lambda_interaction"": 0.5, ""lambda_stability"": 0.5, ""reliability_rho"": 0.6, ""reliability_source"": ""resampling"", ""resample_fraction"": 0.8, ""stability_interval"": 2, ""stability_strategy"": ""periodic"", ""weight_schedule"": ""adaptive""}","[0, 1, 4, 6, 9, 12]",0.9722222222222222,0.9761904761904764,0.9717813051146384,0.9592607977258564,0.9988178488178489,0.9953823953823956,0.9761904761904764,0.9871794871794872,0.5072135987285179,0.5180002713336047,0.2667092379736057
wine,DFA-EHOA,262147,repeated_stratified_holdout,13,6,0.4615384615384615,0.0321695718075028,47,5.4010330000310205,0.198828799999319,0.9896602630615234,0.3029491893876345,"{""bootstrap_count"": 7, ""eta_consolidation"": 0.3, ""eta_exploration"": 0.45, ""interaction_top_k"": 50, ""lambda_interaction"": 0.5, ""lambda_stability"": 0.5, ""reliability_rho"": 0.6, ""reliability_source"": ""resampling"", ""resample_fraction"": 0.8, ""stability_interval"": 2, ""stability_strategy"": ""periodic"", ""weight_schedule"": ""adaptive""}","[0, 1, 4, 6, 9, 12]",0.9722222222222222,0.9761904761904764,0.9717813051146384,0.9592607977258564,0.9988178488178489,0.9953823953823956,0.9761904761904764,0.9871794871794872,0.5072135987285179,0.49568302068302067,0.2552994905097542
