dataset,method,seed,selector_seed,fold,evaluation_protocol,total_features,selected_features,feature_ratio,fitness,evaluations,runtime_seconds,classifier_seconds,peak_memory_mb,redundancy,parameters,selected_indices,accuracy,balanced_accuracy,f1_score,mcc,roc_auc,pr_auc,sensitivity,specificity,interaction_quality,jaccard_stability,nogueira_stability
breast_cancer,EHOA,447214,547217,outer_1,repeated_nested_cv,30,17,0.5666666666666667,0.03179527559055115,25,0.7667375999999422,0.350089399999888,0.7461166381835938,0.528069233441758,"{""interaction_top_k"": 30, ""lambda_interaction"": 0.5, ""weight_schedule"": ""adaptive""}","[0, 2, 5, 6, 7, 10, 12, 15, 16, 20, 21, 22, 24, 25, 26, 27, 29]",0.9368421052631579,0.9325363948396259,0.9495798319327731,0.8650727896792519,0.9841993135282282,0.984452982081877,0.9495798319327731,0.9154929577464789,-0.5521177315843773,0.4043261326350571,0.13903061224489777
breast_cancer,IG-EHOA,447214,547217,outer_1,repeated_nested_cv,30,15,0.5,0.03376827896512931,25,2.729294900000241,0.3825584999995044,1.506784439086914,0.44938370299903374,"{""interaction_top_k"": 30, ""lambda_interaction"": 0.5, ""weight_schedule"": ""adaptive""}","[0, 2, 5, 7, 10, 11, 12, 16, 20, 21, 23, 24, 25, 27, 29]",0.9631578947368421,0.9563853710498283,0.970954356846473,0.9211492315750531,0.9782222748254231,0.9765976393196165,0.9831932773109243,0.9295774647887324,-0.4070200517668434,0.38045322748917415,0.09961139786706263
breast_cancer,M-EHOA,447214,547217,outer_1,repeated_nested_cv,30,17,0.5666666666666667,0.02919685039370068,84,2.374780899999678,0.3194682000003013,0.6033849716186523,0.5214220099571591,"{""interaction_top_k"": 30, ""lambda_interaction"": 0.5, ""weight_schedule"": ""adaptive""}","[2, 5, 6, 7, 10, 12, 13, 15, 16, 20, 21, 22, 24, 25, 26, 27, 29]",0.9473684210526315,0.9437803290330217,0.957983193277311,0.8875606580660433,0.9860930287608001,0.9855919998717608,0.957983193277311,0.9295774647887324,-0.5363211460644814,0.3667876277485723,0.1264417400781035
breast_cancer,P-EHOA,447214,547217,outer_1,repeated_nested_cv,30,15,0.5,0.03376827896512931,25,3.7553971999996065,0.33913769999981014,1.3983869552612305,0.44938370299903374,"{""interaction_top_k"": 30, ""lambda_interaction"": 0.5, ""weight_schedule"": ""adaptive""}","[0, 2, 5, 7, 10, 11, 12, 16, 20, 21, 23, 24, 25, 27, 29]",0.9631578947368421,0.9563853710498283,0.970954356846473,0.9211492315750531,0.9782222748254231,0.9765976393196165,0.9831932773109243,0.9295774647887324,-0.4070200517668434,0.38045322748917415,0.09961139786706263
breast_cancer,EHOA,447214,647220,outer_2,repeated_nested_cv,30,15,0.5,0.03636670416197966,25,0.8699663000006694,0.3010000000003856,0.6637067794799805,0.38602075250505297,"{""interaction_top_k"": 30, ""lambda_interaction"": 0.5, ""weight_schedule"": ""adaptive""}","[0, 1, 3, 4, 5, 7, 9, 15, 17, 18, 20, 21, 24, 27, 29]",0.9526315789473684,0.9451414368564327,0.9626556016597511,0.8984549429340701,0.9756775949816546,0.9752618932461026,0.9747899159663865,0.9154929577464789,-0.3986245368142139,0.4043261326350571,0.13903061224489777
breast_cancer,IG-EHOA,447214,647220,outer_2,repeated_nested_cv,30,13,0.43333333333333335,0.03574128233970747,25,4.413922799999455,0.2642421000000468,1.5316057205200195,0.39446750040821044,"{""interaction_top_k"": 30, ""lambda_interaction"": 0.5, ""weight_schedule"": ""adaptive""}","[0, 1, 3, 6, 12, 14, 16, 17, 19, 20, 24, 27, 29]",0.9631578947368421,0.9563853710498283,0.970954356846473,0.9211492315750531,0.9959166765297668,0.9961435333535535,0.9831932773109243,0.9295774647887324,-0.29381734209020355,0.38045322748917415,0.09961139786706263
breast_cancer,M-EHOA,447214,647220,outer_2,repeated_nested_cv,30,15,0.5,0.028530183727034013,84,2.9729667000001427,0.2866617999998198,1.012944221496582,0.3686898262956281,"{""interaction_top_k"": 30, ""lambda_interaction"": 0.5, ""weight_schedule"": ""adaptive""}","[0, 1, 3, 4, 5, 9, 15, 16, 17, 18, 20, 21, 24, 27, 29]",0.9315789473684211,0.9198129956207834,0.9465020576131687,0.8531113475927138,0.9728962007338147,0.9732102782914864,0.9663865546218487,0.8732394366197183,-0.38987668044068324,0.3667876277485723,0.1264417400781035
breast_cancer,P-EHOA,447214,647220,outer_2,repeated_nested_cv,30,13,0.43333333333333335,0.03574128233970747,25,2.799897400000191,0.33124899999984336,1.471379280090332,0.39446750040821044,"{""interaction_top_k"": 30, ""lambda_interaction"": 0.5, ""weight_schedule"": ""adaptive""}","[0, 1, 3, 6, 12, 14, 16, 17, 19, 20, 24, 27, 29]",0.9631578947368421,0.9563853710498283,0.970954356846473,0.9211492315750531,0.9959166765297668,0.9961435333535535,0.9831932773109243,0.9295774647887324,-0.29381734209020355,0.38045322748917415,0.09961139786706263
breast_cancer,EHOA,447214,747223,outer_3,repeated_nested_cv,30,13,0.43333333333333335,0.030379452568428854,23,0.855032200000096,0.2873018999998749,0.8744001388549805,0.40497658597523484,"{""interaction_top_k"": 30, ""lambda_interaction"": 0.5, ""weight_schedule"": ""adaptive""}","[0, 2, 4, 5, 9, 12, 16, 19, 21, 23, 24, 25, 27]",0.9365079365079365,0.9348739495798319,0.9491525423728814,0.8648817040445186,0.9747899159663865,0.9746472601729843,0.9411764705882353,0.9285714285714286,-0.24765737643985494,0.4043261326350571,0.13903061224489777
breast_cancer,IG-EHOA,447214,747223,outer_3,repeated_nested_cv,30,13,0.43333333333333335,0.030379452568428854,23,2.5014899000007063,0.26959790000000794,1.362391471862793,0.40497658597523484,"{""interaction_top_k"": 30, ""lambda_interaction"": 0.5, ""weight_schedule"": ""adaptive""}","[0, 2, 4, 5, 9, 12, 16, 19, 21, 23, 24, 25, 27]",0.9365079365079365,0.9348739495798319,0.9491525423728814,0.8648817040445186,0.9747899159663865,0.9746472601729843,0.9411764705882353,0.9285714285714286,-0.24765737643985494,0.38045322748917415,0.09961139786706263
breast_cancer,M-EHOA,447214,747223,outer_3,repeated_nested_cv,30,11,0.36666666666666664,0.021917510311211016,80,2.7416924000008294,0.29829789999985223,1.0181636810302734,0.3760355201100052,"{""interaction_top_k"": 30, ""lambda_interaction"": 0.5, ""weight_schedule"": ""adaptive""}","[0, 2, 4, 5, 12, 16, 19, 21, 23, 24, 25]",0.9417989417989417,0.9420168067226891,0.9531914893617022,0.8768006325531494,0.9790516206482593,0.9813596731598091,0.9411764705882353,0.9428571428571428,-0.14217804852317914,0.3667876277485723,0.1264417400781035
breast_cancer,P-EHOA,447214,747223,outer_3,repeated_nested_cv,30,13,0.43333333333333335,0.030379452568428854,23,2.2001993000003495,0.2539010000000417,1.464858055114746,0.40497658597523484,"{""interaction_top_k"": 30, ""lambda_interaction"": 0.5, ""weight_schedule"": ""adaptive""}","[0, 2, 4, 5, 9, 12, 16, 19, 21, 23, 24, 25, 27]",0.9365079365079365,0.9348739495798319,0.9491525423728814,0.8648817040445186,0.9747899159663865,0.9746472601729843,0.9411764705882353,0.9285714285714286,-0.24765737643985494,0.38045322748917415,0.09961139786706263
breast_cancer,EHOA,458258,558261,outer_1,repeated_nested_cv,30,16,0.5333333333333333,0.049815898012748404,24,0.6742888999997376,0.2658860999999888,0.6537542343139648,0.43697065763227333,"{""interaction_top_k"": 30, ""lambda_interaction"": 0.5, ""weight_schedule"": ""adaptive""}","[0, 2, 5, 6, 7, 10, 11, 12, 16, 18, 19, 20, 21, 23, 27, 29]",0.9736842105263158,0.9676293052432241,0.979253112033195,0.943843520216036,0.9747899159663865,0.9710666374794567,0.9915966386554622,0.9436619718309859,-0.4071567083729247,0.4043261326350571,0.13903061224489777
breast_cancer,IG-EHOA,458258,558261,outer_1,repeated_nested_cv,30,18,0.6,0.042625421822272136,23,2.02833499999997,0.268204699999842,1.431443214416504,0.40503652825044084,"{""interaction_top_k"": 30, ""lambda_interaction"": 0.5, ""weight_schedule"": ""adaptive""}","[0, 1, 2, 4, 6, 7, 9, 10, 13, 14, 15, 17, 18, 20, 24, 26, 27, 29]",0.968421052631579,0.9634276245709551,0.975,0.932389423285531,0.9812995620783524,0.9788515826047555,0.9831932773109243,0.9436619718309859,-0.36171362875740226,0.38045322748917415,0.09961139786706263
breast_cancer,M-EHOA,458258,558261,outer_1,repeated_nested_cv,30,14,0.4666666666666667,0.043931758530183745,82,2.2329519999993863,0.28021609999996144,0.9818143844604492,0.4152413888392786,"{""interaction_top_k"": 30, ""lambda_interaction"": 0.5, ""weight_schedule"": ""adaptive""}","[2, 5, 6, 7, 11, 12, 16, 18, 19, 20, 21, 23, 27, 29]",0.9631578947368421,0.9563853710498283,0.970954356846473,0.9211492315750531,0.9747307373653686,0.9708747387208715,0.9831932773109243,0.9295774647887324,-0.30887058671704803,0.3667876277485723,0.1264417400781035
breast_cancer,P-EHOA,458258,558261,outer_1,repeated_nested_cv,30,18,0.6,0.042625421822272136,23,2.311579199999869,0.26712899999984074,1.3844366073608398,0.40503652825044084,"{""interaction_top_k"": 30, ""lambda_interaction"": 0.5, ""weight_schedule"": ""adaptive""}","[0, 1, 2, 4, 6, 7, 9, 10, 13, 14, 15, 17, 18, 20, 24, 26, 27, 29]",0.968421052631579,0.9634276245709551,0.975,0.932389423285531,0.9812995620783524,0.9788515826047555,0.9831932773109243,0.9436619718309859,-0.36171362875740226,0.38045322748917415,0.09961139786706263
breast_cancer,EHOA,458258,658264,outer_2,repeated_nested_cv,30,11,0.36666666666666664,0.0507476565429321,25,0.7274161999994249,0.2802031999999599,0.8097143173217773,0.3826788233516105,"{""interaction_top_k"": 30, ""lambda_interaction"": 0.5, ""weight_schedule"": ""adaptive""}","[1, 3, 7, 8, 11, 16, 20, 21, 24, 26, 27]",0.968421052631579,0.966268197419813,0.9747899159663865,0.932536394839626,0.9944372115043201,0.9948843791888775,0.9747899159663865,0.9577464788732394,-0.18628569449440074,0.4043261326350571,0.13903061224489777
breast_cancer,IG-EHOA,458258,658264,outer_2,repeated_nested_cv,30,11,0.36666666666666664,0.0507476565429321,25,2.1789607999999134,0.26312809999944875,1.398606300354004,0.3826788233516105,"{""interaction_top_k"": 30, ""lambda_interaction"": 0.5, ""weight_schedule"": ""adaptive""}","[1, 3, 7, 8, 11, 16, 20, 21, 24, 26, 27]",0.968421052631579,0.966268197419813,0.9747899159663865,0.932536394839626,0.9944372115043201,0.9948843791888775,0.9747899159663865,0.9577464788732394,-0.18628569449440074,0.38045322748917415,0.09961139786706263
breast_cancer,M-EHOA,458258,658264,outer_2,repeated_nested_cv,30,9,0.3,0.04746194225721767,84,2.496040300000459,0.2678536000003078,1.026895523071289,0.3758224204060594,"{""interaction_top_k"": 30, ""lambda_interaction"": 0.5, ""weight_schedule"": ""adaptive""}","[1, 3, 7, 11, 16, 20, 21, 24, 27]",0.968421052631579,0.966268197419813,0.9747899159663865,0.932536394839626,0.9874541365842111,0.9862682600167362,0.9747899159663865,0.9577464788732394,-0.08588725131586887,0.3667876277485723,0.1264417400781035
breast_cancer,P-EHOA,458258,658264,outer_2,repeated_nested_cv,30,11,0.36666666666666664,0.0507476565429321,25,2.175472799999625,0.26622239999960584,1.387176513671875,0.3826788233516105,"{""interaction_top_k"": 30, ""lambda_interaction"": 0.5, ""weight_schedule"": ""adaptive""}","[1, 3, 7, 8, 11, 16, 20, 21, 24, 26, 27]",0.968421052631579,0.966268197419813,0.9747899159663865,0.932536394839626,0.9944372115043201,0.9948843791888775,0.9747899159663865,0.9577464788732394,-0.18628569449440074,0.38045322748917415,0.09961139786706263
breast_cancer,EHOA,458258,758267,outer_3,repeated_nested_cv,30,16,0.5333333333333333,0.0287810273715785,25,0.6657018999994762,0.27049089999945863,0.6304721832275391,0.47600307286722615,"{""interaction_top_k"": 30, ""lambda_interaction"": 0.5, ""weight_schedule"": ""adaptive""}","[0, 1, 4, 5, 6, 10, 13, 15, 16, 20, 22, 24, 25, 26, 27, 29]",0.9365079365079365,0.9348739495798319,0.9491525423728814,0.8648817040445186,0.9707683073229293,0.9720075701409827,0.9411764705882353,0.9285714285714286,-0.45158381514305646,0.4043261326350571,0.13903061224489777
breast_cancer,IG-EHOA,458258,758267,outer_3,repeated_nested_cv,30,17,0.5666666666666667,0.03433183352080983,25,2.083642599999621,0.28225840000050084,1.3780937194824219,0.39592256483493743,"{""interaction_top_k"": 30, ""lambda_interaction"": 0.5, ""weight_schedule"": ""adaptive""}","[1, 2, 4, 5, 7, 10, 11, 12, 15, 16, 19, 20, 21, 22, 25, 26, 29]",0.9470899470899471,0.9432773109243697,0.957983193277311,0.8865546218487395,0.9751500600240097,0.9751554975774834,0.957983193277311,0.9285714285714286,-0.3455505932469221,0.38045322748917415,0.09961139786706263
breast_cancer,M-EHOA,458258,758267,outer_3,repeated_nested_cv,30,14,0.4666666666666667,0.025495313085864186,84,2.261034999999538,0.25601060000008147,1.0185470581054688,0.4715862759831221,"{""interaction_top_k"": 30, ""lambda_interaction"": 0.5, ""weight_schedule"": ""adaptive""}","[0, 1, 4, 6, 10, 13, 15, 16, 20, 22, 24, 25, 26, 27]",0.9417989417989417,0.9361344537815126,0.9539748953974896,0.8748986057438203,0.9820528211284514,0.9835270605209433,0.957983193277311,0.9142857142857143,-0.34187420144885255,0.3667876277485723,0.1264417400781035
breast_cancer,P-EHOA,458258,758267,outer_3,repeated_nested_cv,30,17,0.5666666666666667,0.03433183352080983,25,2.12708449999991,0.503164700000525,1.5040903091430664,0.39592256483493743,"{""interaction_top_k"": 30, ""lambda_interaction"": 0.5, ""weight_schedule"": ""adaptive""}","[1, 2, 4, 5, 7, 10, 11, 12, 15, 16, 19, 20, 21, 22, 25, 26, 29]",0.9470899470899471,0.9432773109243697,0.957983193277311,0.8865546218487395,0.9751500600240097,0.9751554975774834,0.957983193277311,0.9285714285714286,-0.3455505932469221,0.38045322748917415,0.09961139786706263
breast_cancer,EHOA,469042,569045,outer_1,repeated_nested_cv,30,15,0.5,0.031169853768278844,25,1.1297173000002658,0.2748517999998512,0.8573846817016602,0.36595934463885116,"{""interaction_top_k"": 30, ""lambda_interaction"": 0.5, ""weight_schedule"": ""adaptive""}","[0, 1, 3, 4, 7, 8, 9, 15, 18, 21, 22, 23, 24, 27, 28]",0.9631578947368421,0.9592259438986862,0.9707112970711297,0.9211268105467613,0.9770387028050658,0.9764226066920656,0.9747899159663865,0.9436619718309859,-0.17940914270299058,0.4043261326350571,0.13903061224489777
breast_cancer,IG-EHOA,469042,569045,outer_1,repeated_nested_cv,30,14,0.4666666666666667,0.041250843644544434,25,3.136571400000321,0.35908759999983886,1.4846124649047852,0.38166703859413653,"{""interaction_top_k"": 30, ""lambda_interaction"": 0.5, ""weight_schedule"": ""adaptive""}","[1, 4, 6, 7, 8, 9, 16, 17, 18, 21, 22, 23, 24, 27]",0.9578947368421052,0.9578648360752752,0.9661016949152542,0.9107843947529072,0.9798200970529056,0.9817032481008597,0.957983193277311,0.9577464788732394,-0.1954233177044224,0.38045322748917415,0.09961139786706263
breast_cancer,M-EHOA,469042,569045,outer_1,repeated_nested_cv,30,15,0.5,0.031169853768278844,55,2.553095299999768,0.3857526000001599,0.9304904937744141,0.36595934463885116,"{""interaction_top_k"": 30, ""lambda_interaction"": 0.5, ""weight_schedule"": ""adaptive""}","[0, 1, 3, 4, 7, 8, 9, 15, 18, 21, 22, 23, 24, 27, 28]",0.9631578947368421,0.9592259438986862,0.9707112970711297,0.9211268105467613,0.9770387028050658,0.9764226066920656,0.9747899159663865,0.9436619718309859,-0.17940914270299058,0.3667876277485723,0.1264417400781035
breast_cancer,P-EHOA,469042,569045,outer_1,repeated_nested_cv,30,14,0.4666666666666667,0.041250843644544434,25,3.3449455999998463,0.5548117999996975,1.4530715942382812,0.38166703859413653,"{""interaction_top_k"": 30, ""lambda_interaction"": 0.5, ""weight_schedule"": ""adaptive""}","[1, 4, 6, 7, 8, 9, 16, 17, 18, 21, 22, 23, 24, 27]",0.9578947368421052,0.9578648360752752,0.9661016949152542,0.9107843947529072,0.9798200970529056,0.9817032481008597,0.957983193277311,0.9577464788732394,-0.1954233177044224,0.38045322748917415,0.09961139786706263
breast_cancer,EHOA,469042,669048,outer_2,repeated_nested_cv,30,15,0.5,0.041625421822272246,21,1.0632586000001538,0.3647498000000269,0.6736326217651367,0.40781335859101336,"{""interaction_top_k"": 30, ""lambda_interaction"": 0.5, ""weight_schedule"": ""adaptive""}","[1, 3, 6, 7, 11, 13, 15, 16, 18, 20, 25, 26, 27, 28, 29]",0.9578947368421052,0.9578648360752752,0.9661016949152542,0.9107843947529072,0.9836667061190674,0.9841307667358179,0.957983193277311,0.9577464788732394,-0.3542185568724274,0.4043261326350571,0.13903061224489777
breast_cancer,IG-EHOA,469042,669048,outer_2,repeated_nested_cv,30,16,0.5333333333333333,0.0471349831271091,25,2.951283199999125,0.33100780000040686,1.3371286392211914,0.434513888570567,"{""interaction_top_k"": 30, ""lambda_interaction"": 0.5, ""weight_schedule"": ""adaptive""}","[0, 1, 3, 4, 6, 13, 15, 16, 18, 20, 22, 24, 25, 26, 27, 29]",0.9473684210526315,0.9494614747307373,0.9572649572649573,0.8897040576952591,0.9842584921292461,0.9848123424188682,0.9411764705882353,0.9577464788732394,-0.3470639297744419,0.38045322748917415,0.09961139786706263
breast_cancer,M-EHOA,469042,669048,outer_2,repeated_nested_cv,30,13,0.43333333333333335,0.038319085114360746,79,2.837085700000898,0.2649818999998388,1.0356016159057617,0.36275210622315396,"{""interaction_top_k"": 30, ""lambda_interaction"": 0.5, ""weight_schedule"": ""adaptive""}","[1, 3, 6, 7, 11, 13, 15, 16, 18, 20, 27, 28, 29]",0.9578947368421052,0.9578648360752752,0.9661016949152542,0.9107843947529072,0.987927565392354,0.9870442583398354,0.957983193277311,0.9577464788732394,-0.2501403658494288,0.3667876277485723,0.1264417400781035
breast_cancer,P-EHOA,469042,669048,outer_2,repeated_nested_cv,30,16,0.5333333333333333,0.0471349831271091,25,3.403339099999357,0.30041049999999814,1.3650531768798828,0.434513888570567,"{""interaction_top_k"": 30, ""lambda_interaction"": 0.5, ""weight_schedule"": ""adaptive""}","[0, 1, 3, 4, 6, 13, 15, 16, 18, 20, 22, 24, 25, 26, 27, 29]",0.9473684210526315,0.9494614747307373,0.9572649572649573,0.8897040576952591,0.9842584921292461,0.9848123424188682,0.9411764705882353,0.9577464788732394,-0.3470639297744419,0.38045322748917415,0.09961139786706263
breast_cancer,EHOA,469042,769051,outer_3,repeated_nested_cv,30,15,0.5,0.033644544431945984,19,0.6494082999997772,0.2946106999997937,0.5353107452392578,0.4118567236418326,"{""interaction_top_k"": 30, ""lambda_interaction"": 0.5, ""weight_schedule"": ""adaptive""}","[1, 2, 4, 6, 10, 13, 15, 16, 18, 20, 22, 24, 25, 27, 29]",0.9682539682539683,0.9630252100840335,0.975,0.9317727223276882,0.9813925570228091,0.9791437874265263,0.9831932773109243,0.9428571428571428,-0.248542925594646,0.4043261326350571,0.13903061224489777
breast_cancer,IG-EHOA,469042,769051,outer_3,repeated_nested_cv,30,14,0.4666666666666667,0.03073340832395948,18,2.3535337000002983,0.2789867999999842,1.4363832473754883,0.41580008442638366,"{""interaction_top_k"": 30, ""lambda_interaction"": 0.5, ""weight_schedule"": ""adaptive""}","[2, 4, 6, 7, 10, 11, 16, 19, 20, 21, 23, 25, 27, 29]",0.9682539682539683,0.9630252100840335,0.975,0.9317727223276882,0.975750300120048,0.9723397329427202,0.9831932773109243,0.9428571428571428,-0.25895526215905046,0.38045322748917415,0.09961139786706263
breast_cancer,M-EHOA,469042,769051,outer_3,repeated_nested_cv,30,15,0.5,0.028447694038245167,77,2.3564284999993106,0.2563391000003321,1.0195398330688477,0.4087508486275028,"{""interaction_top_k"": 30, ""lambda_interaction"": 0.5, ""weight_schedule"": ""adaptive""}","[1, 3, 4, 6, 10, 13, 15, 16, 18, 20, 22, 24, 25, 27, 29]",0.9682539682539683,0.9630252100840335,0.975,0.9317727223276882,0.981812725090036,0.9796179248236343,0.9831932773109243,0.9428571428571428,-0.24922758243162646,0.3667876277485723,0.1264417400781035
breast_cancer,P-EHOA,469042,769051,outer_3,repeated_nested_cv,30,14,0.4666666666666667,0.03073340832395948,18,2.023334800000157,0.25814249999984895,1.3798894882202148,0.41580008442638366,"{""interaction_top_k"": 30, ""lambda_interaction"": 0.5, ""weight_schedule"": ""adaptive""}","[2, 4, 6, 7, 10, 11, 16, 19, 20, 21, 23, 25, 27, 29]",0.9682539682539683,0.9630252100840335,0.975,0.9317727223276882,0.975750300120048,0.9723397329427202,0.9831932773109243,0.9428571428571428,-0.25895526215905046,0.38045322748917415,0.09961139786706263
breast_cancer,EHOA,479583,579586,outer_1,repeated_nested_cv,30,14,0.4666666666666667,0.041250843644544434,25,0.7664940000004208,0.26429280000047584,0.7322511672973633,0.41662678898514227,"{""interaction_top_k"": 30, ""lambda_interaction"": 0.5, ""weight_schedule"": ""adaptive""}","[1, 2, 7, 9, 10, 12, 15, 16, 19, 20, 23, 24, 25, 27]",0.9578947368421052,0.960705408924133,0.9658119658119658,0.9119613020615657,0.9919517102615694,0.9937388238769304,0.9495798319327731,0.971830985915493,-0.3154982439786556,0.4043261326350571,0.13903061224489777
breast_cancer,IG-EHOA,479583,579586,outer_1,repeated_nested_cv,30,15,0.5,0.041584176977877765,24,2.165513699999792,0.2985058000003846,1.4291181564331055,0.4215407946016912,"{""interaction_top_k"": 30, ""lambda_interaction"": 0.5, ""weight_schedule"": ""adaptive""}","[0, 1, 2, 4, 7, 9, 10, 12, 16, 19, 22, 23, 24, 25, 27]",0.9421052631578948,0.9481003669073264,0.9523809523809523,0.8813565523121925,0.9849686353414605,0.985062912867177,0.9243697478991597,0.971830985915493,-0.3030694298944068,0.38045322748917415,0.09961139786706263
breast_cancer,M-EHOA,479583,579586,outer_1,repeated_nested_cv,30,12,0.4,0.03274765654293201,83,2.655579499999476,0.2780780000002778,1.0311784744262695,0.4059605701969989,"{""interaction_top_k"": 30, ""lambda_interaction"": 0.5, ""weight_schedule"": ""adaptive""}","[1, 2, 7, 9, 10, 16, 19, 20, 23, 24, 25, 27]",0.9578947368421052,0.960705408924133,0.9658119658119658,0.9119613020615657,0.9856195999526571,0.9857069677414092,0.9495798319327731,0.971830985915493,-0.20287165810661137,0.3667876277485723,0.1264417400781035
breast_cancer,P-EHOA,479583,579586,outer_1,repeated_nested_cv,30,15,0.5,0.041584176977877765,24,2.292085600000064,0.3056194000000687,1.4570636749267578,0.4215407946016912,"{""interaction_top_k"": 30, ""lambda_interaction"": 0.5, ""weight_schedule"": ""adaptive""}","[0, 1, 2, 4, 7, 9, 10, 12, 16, 19, 22, 23, 24, 25, 27]",0.9421052631578948,0.9481003669073264,0.9523809523809523,0.8813565523121925,0.9849686353414605,0.985062912867177,0.9243697478991597,0.971830985915493,-0.3030694298944068,0.38045322748917415,0.09961139786706263
breast_cancer,EHOA,479583,679589,outer_2,repeated_nested_cv,30,16,0.5333333333333333,0.018387326584176984,24,0.7883882000005542,0.2955248999996911,0.8329553604125977,0.4093992864189521,"{""interaction_top_k"": 30, ""lambda_interaction"": 0.5, ""weight_schedule"": ""adaptive""}","[0, 1, 2, 3, 4, 6, 7, 9, 15, 18, 19, 21, 23, 24, 26, 27]",0.9578947368421052,0.9521836903775595,0.9666666666666667,0.9097672817424011,0.965380518404545,0.9606476268193228,0.9747899159663865,0.9295774647887324,-0.2937687509526419,0.4043261326350571,0.13903061224489777
breast_cancer,IG-EHOA,479583,679589,outer_2,repeated_nested_cv,30,12,0.4,0.024911136107986478,23,2.314366699999482,0.3002665000003617,1.4119014739990234,0.45519637163527804,"{""interaction_top_k"": 30, ""lambda_interaction"": 0.5, ""weight_schedule"": ""adaptive""}","[3, 5, 7, 9, 15, 19, 21, 23, 24, 26, 27, 29]",0.9263157894736842,0.9184518877973724,0.9416666666666667,0.8419008571130111,0.9592851224997041,0.9558197782552943,0.9495798319327731,0.8873239436619719,-0.3710102829645929,0.38045322748917415,0.09961139786706263
breast_cancer,M-EHOA,479583,679589,outer_2,repeated_nested_cv,30,16,0.5333333333333333,0.013169853768278984,83,2.30759560000115,0.27375820000088424,1.0315561294555664,0.39105318236156245,"{""interaction_top_k"": 30, ""lambda_interaction"": 0.5, ""weight_schedule"": ""adaptive""}","[0, 1, 2, 3, 4, 6, 7, 9, 13, 15, 18, 19, 21, 23, 24, 26]",0.9421052631578948,0.9310569298141792,0.9547325102880658,0.8759603969361893,0.9695821990768139,0.9664868920198225,0.9747899159663865,0.8873239436619719,-0.2591645952928153,0.3667876277485723,0.1264417400781035
breast_cancer,P-EHOA,479583,679589,outer_2,repeated_nested_cv,30,12,0.4,0.024911136107986478,23,2.258159699999851,0.2873118000006798,1.4901580810546875,0.45519637163527804,"{""interaction_top_k"": 30, ""lambda_interaction"": 0.5, ""weight_schedule"": ""adaptive""}","[3, 5, 7, 9, 15, 19, 21, 23, 24, 26, 27, 29]",0.9263157894736842,0.9184518877973724,0.9416666666666667,0.8419008571130111,0.9592851224997041,0.9558197782552943,0.9495798319327731,0.8873239436619719,-0.3710102829645929,0.38045322748917415,0.09961139786706263
breast_cancer,EHOA,479583,779592,outer_3,repeated_nested_cv,30,18,0.6,0.037304836895388,25,0.7335738000001584,0.2928828000003705,0.7112092971801758,0.4154396733986497,"{""interaction_top_k"": 30, ""lambda_interaction"": 0.5, ""weight_schedule"": ""adaptive""}","[0, 1, 2, 7, 10, 11, 12, 15, 16, 19, 20, 21, 22, 23, 24, 25, 27, 29]",0.9735449735449735,0.973109243697479,0.9789029535864979,0.9435040132749904,0.9964585834333733,0.9967427554918051,0.9747899159663865,0.9714285714285714,-0.32959645966066276,0.4043261326350571,0.13903061224489777
breast_cancer,IG-EHOA,479583,779592,outer_3,repeated_nested_cv,30,19,0.6333333333333333,0.03235883014623167,25,2.1640203000006295,0.28534789999957866,1.3688602447509766,0.4599513409198211,"{""interaction_top_k"": 30, ""lambda_interaction"": 0.5, ""weight_schedule"": ""adaptive""}","[0, 2, 3, 4, 6, 10, 13, 14, 15, 16, 17, 19, 20, 22, 24, 25, 26, 27, 29]",0.9470899470899471,0.9491596638655462,0.9572649572649573,0.8887681125370791,0.9819327731092438,0.9830794655743069,0.9411764705882353,0.9571428571428572,-0.39174987447258075,0.38045322748917415,0.09961139786706263
breast_cancer,M-EHOA,479583,779592,outer_3,repeated_nested_cv,30,18,0.6,0.037304836895388,55,1.4067223000001832,0.2759071000000404,0.7230691909790039,0.4154396733986497,"{""interaction_top_k"": 30, ""lambda_interaction"": 0.5, ""weight_schedule"": ""adaptive""}","[0, 1, 2, 7, 10, 11, 12, 15, 16, 19, 20, 21, 22, 23, 24, 25, 27, 29]",0.9735449735449735,0.973109243697479,0.9789029535864979,0.9435040132749904,0.9964585834333733,0.9967427554918051,0.9747899159663865,0.9714285714285714,-0.32959645966066276,0.3667876277485723,0.1264417400781035
breast_cancer,P-EHOA,479583,779592,outer_3,repeated_nested_cv,30,19,0.6333333333333333,0.03235883014623167,25,2.08028479999939,0.29185449999931734,1.3846235275268555,0.4599513409198211,"{""interaction_top_k"": 30, ""lambda_interaction"": 0.5, ""weight_schedule"": ""adaptive""}","[0, 2, 3, 4, 6, 10, 13, 14, 15, 16, 17, 19, 20, 22, 24, 25, 26, 27, 29]",0.9470899470899471,0.9491596638655462,0.9572649572649573,0.8887681125370791,0.9819327731092438,0.9830794655743069,0.9411764705882353,0.9571428571428572,-0.39174987447258075,0.38045322748917415,0.09961139786706263
breast_cancer,EHOA,489898,589901,outer_1,repeated_nested_cv,30,16,0.5333333333333333,0.04453655793025874,22,1.0645369000003484,0.3666388999999981,0.596369743347168,0.43315327697832834,"{""interaction_top_k"": 30, ""lambda_interaction"": 0.5, ""weight_schedule"": ""adaptive""}","[0, 2, 7, 10, 11, 12, 16, 19, 20, 21, 22, 23, 25, 27, 28, 29]",0.9578947368421052,0.9550242632264173,0.9663865546218487,0.9100485264528346,0.9900579950289976,0.992659724086551,0.9663865546218487,0.9436619718309859,-0.330696551431084,0.4043261326350571,0.13903061224489777
breast_cancer,IG-EHOA,489898,589901,outer_1,repeated_nested_cv,30,16,0.5333333333333333,0.04453655793025874,21,2.2079699999994773,0.4084671000000526,1.4345569610595703,0.43315327697832834,"{""interaction_top_k"": 30, ""lambda_interaction"": 0.5, ""weight_schedule"": ""adaptive""}","[0, 2, 7, 10, 11, 12, 16, 19, 20, 21, 22, 23, 25, 27, 28, 29]",0.9578947368421052,0.9550242632264173,0.9663865546218487,0.9100485264528346,0.9900579950289976,0.992659724086551,0.9663865546218487,0.9436619718309859,-0.330696551431084,0.38045322748917415,0.09961139786706263
breast_cancer,M-EHOA,489898,589901,outer_1,repeated_nested_cv,30,14,0.4666666666666667,0.0386111736032996,79,2.631368199999997,0.45627459999923303,0.9884090423583984,0.45371039626560516,"{""interaction_top_k"": 30, ""lambda_interaction"": 0.5, ""weight_schedule"": ""adaptive""}","[0, 2, 7, 10, 12, 16, 19, 20, 21, 22, 23, 25, 28, 29]",0.9578947368421052,0.9550242632264173,0.9663865546218487,0.9100485264528346,0.9841401349272103,0.98496050007228,0.9663865546218487,0.9436619718309859,-0.34463514505456366,0.3667876277485723,0.1264417400781035
breast_cancer,P-EHOA,489898,589901,outer_1,repeated_nested_cv,30,16,0.5333333333333333,0.04453655793025874,21,2.525169200000164,0.27113310000004276,1.438232421875,0.43315327697832834,"{""interaction_top_k"": 30, ""lambda_interaction"": 0.5, ""weight_schedule"": ""adaptive""}","[0, 2, 7, 10, 11, 12, 16, 19, 20, 21, 22, 23, 25, 27, 28, 29]",0.9578947368421052,0.9550242632264173,0.9663865546218487,0.9100485264528346,0.9900579950289976,0.992659724086551,0.9663865546218487,0.9436619718309859,-0.330696551431084,0.38045322748917415,0.09961139786706263
breast_cancer,EHOA,489898,689904,outer_2,repeated_nested_cv,30,12,0.4,0.04846194225721789,25,0.7785130000002027,0.3351506999997582,0.8857440948486328,0.3138684522279234,"{""interaction_top_k"": 30, ""lambda_interaction"": 0.5, ""weight_schedule"": ""adaptive""}","[1, 3, 6, 7, 11, 13, 16, 18, 20, 24, 28, 29]",0.9578947368421052,0.9493431175287016,0.9669421487603306,0.909956827190137,0.9834299917149958,0.9811654399326789,0.9831932773109243,0.9154929577464789,-0.01695319322761306,0.4043261326350571,0.13903061224489777
breast_cancer,IG-EHOA,489898,689904,outer_2,repeated_nested_cv,30,13,0.43333333333333335,0.05141432320959876,22,2.370651899999757,0.35938179999993736,1.3426551818847656,0.418288173557177,"{""interaction_top_k"": 30, ""lambda_interaction"": 0.5, ""weight_schedule"": ""adaptive""}","[1, 3, 7, 13, 15, 16, 18, 20, 25, 26, 27, 28, 29]",0.9526315789473684,0.9508225825541484,0.9620253164556962,0.8991477490636924,0.9805302402651201,0.9787711080754187,0.957983193277311,0.9436619718309859,-0.25776653923922827,0.38045322748917415,0.09961139786706263
breast_cancer,M-EHOA,489898,689904,outer_2,repeated_nested_cv,30,10,0.3333333333333333,0.026884139482564642,84,2.7343229999996765,0.25779049999982817,1.032857894897461,0.3574050691840601,"{""interaction_top_k"": 30, ""lambda_interaction"": 0.5, ""weight_schedule"": ""adaptive""}","[1, 3, 6, 7, 13, 16, 18, 20, 24, 28]",0.968421052631579,0.9605870517220974,0.9752066115702479,0.9327267201397125,0.9688128772635815,0.9643236199058143,0.9915966386554622,0.9295774647887324,-0.0513228596357848,0.3667876277485723,0.1264417400781035
breast_cancer,P-EHOA,489898,689904,outer_2,repeated_nested_cv,30,13,0.43333333333333335,0.05141432320959876,22,2.230805799999871,0.2641862000000401,1.4261465072631836,0.418288173557177,"{""interaction_top_k"": 30, ""lambda_interaction"": 0.5, ""weight_schedule"": ""adaptive""}","[1, 3, 7, 13, 15, 16, 18, 20, 25, 26, 27, 28, 29]",0.9526315789473684,0.9508225825541484,0.9620253164556962,0.8991477490636924,0.9805302402651201,0.9787711080754187,0.957983193277311,0.9436619718309859,-0.25776653923922827,0.38045322748917415,0.09961139786706263
breast_cancer,EHOA,489898,789907,outer_3,repeated_nested_cv,30,15,0.5,0.04154293213348318,24,0.7972619000001941,0.29890079999950103,0.6683244705200195,0.4465487602751794,"{""interaction_top_k"": 30, ""lambda_interaction"": 0.5, ""weight_schedule"": ""adaptive""}","[0, 2, 4, 7, 10, 12, 15, 16, 19, 20, 21, 23, 25, 27, 29]",0.9629629629629629,0.9647058823529412,0.9702127659574468,0.9218075091290715,0.9878151260504202,0.9870921742355473,0.957983193277311,0.9714285714285714,-0.32630431162386997,0.4043261326350571,0.13903061224489777
breast_cancer,IG-EHOA,489898,789907,outer_3,repeated_nested_cv,30,17,0.5666666666666667,0.03699212598425185,24,2.044145699999717,0.2706413000005341,1.400869369506836,0.46189625981889953,"{""interaction_top_k"": 30, ""lambda_interaction"": 0.5, ""weight_schedule"": ""adaptive""}","[2, 4, 5, 7, 9, 10, 13, 15, 16, 20, 21, 22, 23, 24, 25, 27, 29]",0.9576719576719577,0.9605042016806722,0.9658119658119658,0.9112159507396058,0.9944777911164466,0.995519307269485,0.9495798319327731,0.9714285714285714,-0.4387860713614692,0.38045322748917415,0.09961139786706263
breast_cancer,M-EHOA,489898,789907,outer_3,repeated_nested_cv,30,15,0.5,0.02846831646044235,83,2.4263836000000083,0.2983547000003455,1.0545473098754883,0.45992043114248465,"{""interaction_top_k"": 30, ""lambda_interaction"": 0.5, ""weight_schedule"": ""adaptive""}","[0, 2, 4, 7, 10, 12, 15, 16, 19, 20, 21, 22, 23, 27, 29]",0.9523809523809523,0.9563025210084033,0.9613733905579399,0.9007874092461255,0.9843937575030013,0.9850193557175043,0.9411764705882353,0.9714285714285714,-0.3785510169077513,0.3667876277485723,0.1264417400781035
breast_cancer,P-EHOA,489898,789907,outer_3,repeated_nested_cv,30,17,0.5666666666666667,0.03699212598425185,24,2.067915399999947,0.26894329999959155,1.4477291107177734,0.46189625981889953,"{""interaction_top_k"": 30, ""lambda_interaction"": 0.5, ""weight_schedule"": ""adaptive""}","[2, 4, 5, 7, 9, 10, 13, 15, 16, 20, 21, 22, 23, 24, 25, 27, 29]",0.9576719576719577,0.9605042016806722,0.9658119658119658,0.9112159507396058,0.9944777911164466,0.995519307269485,0.9495798319327731,0.9714285714285714,-0.4387860713614692,0.38045322748917415,0.09961139786706263
wine,EHOA,447214,547217,outer_1,repeated_nested_cv,13,5,0.38461538461538464,0.06223076923076913,23,0.703116399999999,0.2356646999996883,0.41278076171875,0.36065075947595215,"{""interaction_top_k"": 30, ""lambda_interaction"": 0.5, ""weight_schedule"": ""adaptive""}","[1, 9, 10, 11, 12]",0.9666666666666667,0.9722222222222222,0.9658994032395567,0.9512725958728562,0.9883031705948374,0.9709477124183007,0.9722222222222222,0.9848484848484849,0.43366345326981914,0.39229143872001015,0.10913408073096686
wine,IG-EHOA,447214,547217,outer_1,repeated_nested_cv,13,10,0.7692307692307693,0.041326923076923074,21,1.4054496999997355,0.3146050999994259,0.7639951705932617,0.2780839071355452,"{""interaction_top_k"": 30, ""lambda_interaction"": 0.5, ""weight_schedule"": ""adaptive""}","[0, 1, 3, 4, 6, 7, 8, 9, 10, 12]",0.95,0.9583333333333334,0.9518037518037518,0.9272258302032949,1.0,1.0,0.9583333333333334,0.9757575757575757,0.29743857662021583,0.5398727198727198,0.23395896988214748
wine,M-EHOA,447214,547217,outer_1,repeated_nested_cv,13,5,0.38461538461538464,0.03726923076923076,46,1.455337800000052,0.25412369999958173,0.6870927810668945,0.2959252286443463,"{""interaction_top_k"": 30, ""lambda_interaction"": 0.5, ""weight_schedule"": ""adaptive""}","[0, 1, 10, 11, 12]",0.95,0.9583333333333334,0.9492063492063493,0.928260101987609,0.999184553872054,0.9972312999273782,0.9583333333333334,0.9772727272727272,0.6742422629328534,0.40572459286745005,0.155488721804511
wine,P-EHOA,447214,547217,outer_1,repeated_nested_cv,13,5,0.38461538461538464,0.03726923076923076,46,1.3209544999999707,0.2378312000000733,0.6905145645141602,0.2959252286443463,"{""interaction_top_k"": 30, ""lambda_interaction"": 0.5, ""weight_schedule"": ""adaptive""}","[0, 1, 10, 11, 12]",0.95,0.9583333333333334,0.9492063492063493,0.928260101987609,0.999184553872054,0.9972312999273782,0.9583333333333334,0.9772727272727272,0.6742422629328534,0.40572459286745005,0.155488721804511
wine,EHOA,447214,647220,outer_2,repeated_nested_cv,13,4,0.3076923076923077,0.06146153846153859,23,0.6787944999996398,0.225391099999797,0.636204719543457,0.2626598132154892,"{""interaction_top_k"": 30, ""lambda_interaction"": 0.5, ""weight_schedule"": ""adaptive""}","[0, 3, 5, 9]",0.847457627118644,0.8483695652173914,0.8494949494949496,0.7725824621823589,0.9437950648011314,0.8962995478747379,0.8483695652173914,0.9217352415026833,0.6559860151889397,0.39229143872001015,0.10913408073096686
wine,IG-EHOA,447214,647220,outer_2,repeated_nested_cv,13,8,0.6153846153846154,0.05586538461538456,22,1.4667676999997639,0.2660395000002609,0.7598152160644531,0.3118407963354551,"{""interaction_top_k"": 30, ""lambda_interaction"": 0.5, ""weight_schedule"": ""adaptive""}","[0, 1, 4, 6, 7, 9, 11, 12]",1.0,1.0,1.0,1.0,1.0,1.0,1.0,1.0,0.5397363466009295,0.5398727198727198,0.23395896988214748
wine,M-EHOA,447214,647220,outer_2,repeated_nested_cv,13,6,0.46153846153846156,0.0462884615384615,45,1.598175000000083,0.3482874000001175,0.6713361740112305,0.34247069204395303,"{""interaction_top_k"": 30, ""lambda_interaction"": 0.5, ""weight_schedule"": ""adaptive""}","[0, 3, 5, 8, 9, 12]",0.9322033898305084,0.9420289855072465,0.9315524583817266,0.9033479367201352,0.9731596168969778,0.932711207212332,0.9420289855072465,0.9681971774995031,0.37516240729309597,0.40572459286745005,0.155488721804511
wine,P-EHOA,447214,647220,outer_2,repeated_nested_cv,13,6,0.46153846153846156,0.0462884615384615,45,1.3322834000000512,0.23490660000061325,0.6823549270629883,0.34247069204395303,"{""interaction_top_k"": 30, ""lambda_interaction"": 0.5, ""weight_schedule"": ""adaptive""}","[0, 3, 5, 8, 9, 12]",0.9322033898305084,0.9420289855072465,0.9315524583817266,0.9033479367201352,0.9731596168969778,0.932711207212332,0.9420289855072465,0.9681971774995031,0.37516240729309597,0.40572459286745005,0.155488721804511
wine,EHOA,447214,747223,outer_3,repeated_nested_cv,13,5,0.38461538461538464,0.05419230769230762,21,0.6265101999997569,0.23988639999970474,0.3747596740722656,0.2624003919317894,"{""interaction_top_k"": 30, ""lambda_interaction"": 0.5, ""weight_schedule"": ""adaptive""}","[0, 2, 5, 9, 10]",0.9322033898305084,0.9375,0.9358715606791411,0.8999125874125874,0.9816896893396282,0.9613120479504985,0.9375,0.9654761904761905,0.6942417379195032,0.39229143872001015,0.10913408073096686
wine,IG-EHOA,447214,747223,outer_3,repeated_nested_cv,13,7,0.5384615384615384,0.047480769230769194,21,1.4547939999993105,0.27525689999947645,0.7861413955688477,0.2773027648656482,"{""interaction_top_k"": 30, ""lambda_interaction"": 0.5, ""weight_schedule"": ""adaptive""}","[0, 2, 5, 7, 8, 10, 12]",0.8983050847457628,0.9166666666666666,0.9035202523574616,0.8589522926536323,0.9735066833751044,0.9442355192000308,0.9166666666666666,0.9505813953488372,0.43789336627946,0.5398727198727198,0.23395896988214748
wine,M-EHOA,447214,747223,outer_3,repeated_nested_cv,13,6,0.46153846153846156,0.021538461538461486,45,1.7136355000011463,0.2389124000001175,0.6897859573364258,0.3016721593055361,"{""interaction_top_k"": 30, ""lambda_interaction"": 0.5, ""weight_schedule"": ""adaptive""}","[0, 2, 5, 9, 10, 12]",0.9491525423728814,0.9513888888888888,0.9513040494166095,0.9239178845620575,0.9851441831322493,0.9667336098909228,0.9513888888888888,0.9738095238095238,0.6988936546415508,0.40572459286745005,0.155488721804511
wine,P-EHOA,447214,747223,outer_3,repeated_nested_cv,13,6,0.46153846153846156,0.021538461538461486,45,1.2840433000010307,0.2454451000003246,0.6291236877441406,0.3016721593055361,"{""interaction_top_k"": 30, ""lambda_interaction"": 0.5, ""weight_schedule"": ""adaptive""}","[0, 2, 5, 9, 10, 12]",0.9491525423728814,0.9513888888888888,0.9513040494166095,0.9239178845620575,0.9851441831322493,0.9667336098909228,0.9513888888888888,0.9738095238095238,0.6988936546415508,0.40572459286745005,0.155488721804511
wine,EHOA,458258,558261,outer_1,repeated_nested_cv,13,5,0.38461538461538464,0.07090384615384603,18,0.5669892000005348,0.23277479999978823,0.5243005752563477,0.2848645991686631,"{""interaction_top_k"": 30, ""lambda_interaction"": 0.5, ""weight_schedule"": ""adaptive""}","[0, 4, 7, 10, 12]",0.9166666666666666,0.9236111111111112,0.9185606060606061,0.8800675675675675,0.9929826038159372,0.9808590800649458,0.9236111111111112,0.959090909090909,0.4017154259604676,0.39229143872001015,0.10913408073096686
wine,IG-EHOA,458258,558261,outer_1,repeated_nested_cv,13,5,0.38461538461538464,0.07090384615384603,18,1.3576059000006353,0.2388310000005731,0.7692356109619141,0.2848645991686631,"{""interaction_top_k"": 30, ""lambda_interaction"": 0.5, ""weight_schedule"": ""adaptive""}","[0, 4, 7, 10, 12]",0.9166666666666666,0.9236111111111112,0.9185606060606061,0.8800675675675675,0.9929826038159372,0.9808590800649458,0.9236111111111112,0.959090909090909,0.4017154259604676,0.5398727198727198,0.23395896988214748
wine,M-EHOA,458258,558261,outer_1,repeated_nested_cv,13,4,0.3076923076923077,0.036711538461538455,40,1.4742623999991338,0.2519714000000022,0.6834497451782227,0.2566882786623234,"{""interaction_top_k"": 30, ""lambda_interaction"": 0.5, ""weight_schedule"": ""adaptive""}","[0, 4, 10, 12]",0.9166666666666666,0.9166666666666666,0.9185185185185185,0.8805958788209306,0.9887829685746352,0.9807478976561103,0.9166666666666666,0.9583333333333334,0.5129924281413801,0.40572459286745005,0.155488721804511
wine,P-EHOA,458258,558261,outer_1,repeated_nested_cv,13,4,0.3076923076923077,0.036711538461538455,40,1.2194760999991558,0.23786290000043664,0.6038799285888672,0.2566882786623234,"{""interaction_top_k"": 30, ""lambda_interaction"": 0.5, ""weight_schedule"": ""adaptive""}","[0, 4, 10, 12]",0.9166666666666666,0.9166666666666666,0.9185185185185185,0.8805958788209306,0.9887829685746352,0.9807478976561103,0.9166666666666666,0.9583333333333334,0.5129924281413801,0.40572459286745005,0.155488721804511
wine,EHOA,458258,658264,outer_2,repeated_nested_cv,13,8,0.6153846153846154,0.039365384615384615,23,0.6865423999997802,0.2765245999999024,0.48647212982177734,0.2693479725671109,"{""interaction_top_k"": 30, ""lambda_interaction"": 0.5, ""weight_schedule"": ""adaptive""}","[0, 1, 4, 7, 8, 9, 10, 12]",0.9491525423728814,0.9565217391304347,0.9490062616084437,0.9262879810909953,0.9869307935726036,0.9672570088369756,0.9565217391304347,0.9759491154839992,0.42062039720637345,0.39229143872001015,0.10913408073096686
wine,IG-EHOA,458258,658264,outer_2,repeated_nested_cv,13,8,0.6153846153846154,0.039365384615384615,23,1.6724176000006992,0.28744619999997667,0.7819108963012695,0.2693479725671109,"{""interaction_top_k"": 30, ""lambda_interaction"": 0.5, ""weight_schedule"": ""adaptive""}","[0, 1, 4, 7, 8, 9, 10, 12]",0.9491525423728814,0.9565217391304347,0.9490062616084437,0.9262879810909953,0.9869307935726036,0.9672570088369756,0.9565217391304347,0.9759491154839992,0.42062039720637345,0.5398727198727198,0.23395896988214748
wine,M-EHOA,458258,658264,outer_2,repeated_nested_cv,13,6,0.46153846153846156,0.02936538461538464,46,1.4939965000003212,0.2569978000001356,0.6878080368041992,0.2702878070537853,"{""interaction_top_k"": 30, ""lambda_interaction"": 0.5, ""weight_schedule"": ""adaptive""}","[0, 1, 7, 8, 9, 12]",0.9322033898305084,0.9420289855072465,0.9312169312169312,0.9046916043352584,0.9952439800771448,0.9858017061703261,0.9420289855072465,0.9689922480620154,0.4596203479957885,0.40572459286745005,0.155488721804511
wine,P-EHOA,458258,658264,outer_2,repeated_nested_cv,13,6,0.46153846153846156,0.02936538461538464,46,1.3335389999992913,0.4361703000004127,0.6889972686767578,0.2702878070537853,"{""interaction_top_k"": 30, ""lambda_interaction"": 0.5, ""weight_schedule"": ""adaptive""}","[0, 1, 7, 8, 9, 12]",0.9322033898305084,0.9420289855072465,0.9312169312169312,0.9046916043352584,0.9952439800771448,0.9858017061703261,0.9420289855072465,0.9689922480620154,0.4596203479957885,0.40572459286745005,0.155488721804511
wine,EHOA,458258,758267,outer_3,repeated_nested_cv,13,6,0.46153846153846156,0.054326923076923016,19,0.8643498999999792,0.3226018999994267,0.5306644439697266,0.32504092090853487,"{""interaction_top_k"": 30, ""lambda_interaction"": 0.5, ""weight_schedule"": ""adaptive""}","[0, 1, 6, 7, 9, 12]",0.9661016949152542,0.9652777777777778,0.9652777777777778,0.9484265734265734,0.987703026947213,0.9687321953724174,0.9652777777777778,0.9827242524916944,0.5836875360473991,0.39229143872001015,0.10913408073096686
wine,IG-EHOA,458258,758267,outer_3,repeated_nested_cv,13,8,0.6153846153846154,0.07257692307692318,22,1.7489919999998165,0.241605599999275,0.7581415176391602,0.3001399965353852,"{""interaction_top_k"": 30, ""lambda_interaction"": 0.5, ""weight_schedule"": ""adaptive""}","[1, 3, 4, 5, 6, 7, 9, 12]",0.8983050847457628,0.9097222222222222,0.898663101604278,0.8514492823452816,0.993389967165977,0.9832608140722175,0.9097222222222222,0.9505537098560354,0.27279214569145305,0.5398727198727198,0.23395896988214748
wine,M-EHOA,458258,758267,outer_3,repeated_nested_cv,13,7,0.5384615384615384,0.038384615384615385,41,1.1809544999996433,0.23088539999935165,0.6726713180541992,0.34109047887102334,"{""interaction_top_k"": 30, ""lambda_interaction"": 0.5, ""weight_schedule"": ""adaptive""}","[0, 1, 6, 7, 9, 10, 12]",0.9661016949152542,0.9722222222222222,0.966859227728793,0.9499654784572173,0.988342100406054,0.9704253847254533,0.9722222222222222,0.9839147286821706,0.55040009015961,0.40572459286745005,0.155488721804511
wine,P-EHOA,458258,758267,outer_3,repeated_nested_cv,13,7,0.5384615384615384,0.038384615384615385,41,1.2366222999999081,0.26586570000017673,0.6866617202758789,0.34109047887102334,"{""interaction_top_k"": 30, ""lambda_interaction"": 0.5, ""weight_schedule"": ""adaptive""}","[0, 1, 6, 7, 9, 10, 12]",0.9661016949152542,0.9722222222222222,0.966859227728793,0.9499654784572173,0.988342100406054,0.9704253847254533,0.9722222222222222,0.9839147286821706,0.55040009015961,0.40572459286745005,0.155488721804511
wine,EHOA,469042,569045,outer_1,repeated_nested_cv,13,9,0.6923076923076923,0.057269230769230704,22,0.6834342000001925,0.24938460000066698,0.48145008087158203,0.3279109747049392,"{""interaction_top_k"": 30, ""lambda_interaction"": 0.5, ""weight_schedule"": ""adaptive""}","[0, 1, 3, 4, 6, 7, 9, 11, 12]",0.9666666666666667,0.9652777777777778,0.9672283416382551,0.9496424136713855,0.9983691077441077,0.9948148148148149,0.9652777777777778,0.9824074074074073,0.3228482528347506,0.39229143872001015,0.10913408073096686
wine,IG-EHOA,469042,569045,outer_1,repeated_nested_cv,13,9,0.6923076923076923,0.057692307692307626,23,1.6639277999993283,0.2350096999998641,0.7780952453613281,0.3324533912922035,"{""interaction_top_k"": 30, ""lambda_interaction"": 0.5, ""weight_schedule"": ""adaptive""}","[0, 1, 4, 6, 7, 8, 9, 11, 12]",0.95,0.9583333333333334,0.9518037518037518,0.9272258302032949,0.9987549102132435,0.9970615468409587,0.9583333333333334,0.9757575757575757,0.29152192705274405,0.5398727198727198,0.23395896988214748
wine,M-EHOA,469042,569045,outer_1,repeated_nested_cv,13,10,0.7692307692307693,0.0330769230769231,46,1.305920400001014,0.2472750000006272,0.6408491134643555,0.29949893134423766,"{""interaction_top_k"": 30, ""lambda_interaction"": 0.5, ""weight_schedule"": ""adaptive""}","[0, 1, 2, 3, 4, 6, 7, 9, 11, 12]",0.9666666666666667,0.9652777777777778,0.9672283416382551,0.9496424136713855,0.99860585016835,0.9964556692242116,0.9652777777777778,0.9824074074074073,0.30720621006526894,0.40572459286745005,0.155488721804511
wine,P-EHOA,469042,569045,outer_1,repeated_nested_cv,13,10,0.7692307692307693,0.0330769230769231,46,1.3611026999997193,0.2512779999997292,0.6668405532836914,0.29949893134423766,"{""interaction_top_k"": 30, ""lambda_interaction"": 0.5, ""weight_schedule"": ""adaptive""}","[0, 1, 2, 3, 4, 6, 7, 9, 11, 12]",0.9666666666666667,0.9652777777777778,0.9672283416382551,0.9496424136713855,0.99860585016835,0.9964556692242116,0.9652777777777778,0.9824074074074073,0.30720621006526894,0.40572459286745005,0.155488721804511
wine,EHOA,469042,669048,outer_2,repeated_nested_cv,13,6,0.46153846153846156,0.02936538461538464,19,0.5616608999998789,0.2259700000004159,0.5484304428100586,0.30149938361993966,"{""interaction_top_k"": 30, ""lambda_interaction"": 0.5, ""weight_schedule"": ""adaptive""}","[0, 4, 9, 10, 11, 12]",0.9830508474576272,0.9855072463768115,0.9824915824915825,0.9748078289816211,0.9877892933378272,0.9692615390543345,0.9855072463768115,0.9922480620155039,0.64412483161356,0.39229143872001015,0.10913408073096686
wine,IG-EHOA,469042,669048,outer_2,repeated_nested_cv,13,7,0.5384615384615384,0.038384615384615385,16,1.4911088999997446,0.24468010000055074,0.7760276794433594,0.26536969487217876,"{""interaction_top_k"": 30, ""lambda_interaction"": 0.5, ""weight_schedule"": ""adaptive""}","[0, 1, 4, 7, 9, 11, 12]",0.9322033898305084,0.9420289855072465,0.9327731092436974,0.902783219919108,0.9978232782833389,0.9920258887650192,0.9420289855072465,0.9674021069369907,0.601425166642415,0.5398727198727198,0.23395896988214748
wine,M-EHOA,469042,669048,outer_2,repeated_nested_cv,13,6,0.46153846153846156,0.02936538461538464,30,1.1011023999999452,0.27660610000020824,0.4778614044189453,0.30149938361993966,"{""interaction_top_k"": 30, ""lambda_interaction"": 0.5, ""weight_schedule"": ""adaptive""}","[0, 4, 9, 10, 11, 12]",0.9830508474576272,0.9855072463768115,0.9824915824915825,0.9748078289816211,0.9877892933378272,0.9692615390543345,0.9855072463768115,0.9922480620155039,0.64412483161356,0.40572459286745005,0.155488721804511
wine,P-EHOA,469042,669048,outer_2,repeated_nested_cv,13,6,0.46153846153846156,0.02936538461538464,30,0.9023803000009138,0.3639411000003747,0.6314411163330078,0.30149938361993966,"{""interaction_top_k"": 30, ""lambda_interaction"": 0.5, ""weight_schedule"": ""adaptive""}","[0, 4, 9, 10, 11, 12]",0.9830508474576272,0.9855072463768115,0.9824915824915825,0.9748078289816211,0.9877892933378272,0.9692615390543345,0.9855072463768115,0.9922480620155039,0.64412483161356,0.40572459286745005,0.155488721804511
wine,EHOA,469042,769051,outer_3,repeated_nested_cv,13,9,0.6923076923076923,0.040346153846153844,15,0.4592435000004116,0.2342687999998816,0.4615030288696289,0.3188111445973782,"{""interaction_top_k"": 30, ""lambda_interaction"": 0.5, ""weight_schedule"": ""adaptive""}","[0, 2, 4, 5, 6, 8, 9, 10, 12]",0.9661016949152542,0.9722222222222222,0.9688405797101449,0.9503083943596375,1.0,1.0,0.9722222222222222,0.9833333333333334,0.40076032984520316,0.39229143872001015,0.10913408073096686
wine,IG-EHOA,469042,769051,outer_3,repeated_nested_cv,13,7,0.5384615384615384,0.030557692307692334,21,1.4642554000001837,0.28893560000051366,0.7706699371337891,0.31458817176645176,"{""interaction_top_k"": 30, ""lambda_interaction"": 0.5, ""weight_schedule"": ""adaptive""}","[0, 1, 7, 9, 10, 11, 12]",0.9830508474576272,0.9861111111111112,0.9828067913174295,0.9747322029028748,0.9885405131044666,0.9710040884291571,0.9861111111111112,0.9922480620155039,0.4262382910022261,0.5398727198727198,0.23395896988214748
wine,M-EHOA,469042,769051,outer_3,repeated_nested_cv,13,7,0.5384615384615384,0.03859615384615384,39,1.2432501000002958,0.3089964000000691,0.6844291687011719,0.32508020953677985,"{""interaction_top_k"": 30, ""lambda_interaction"": 0.5, ""weight_schedule"": ""adaptive""}","[0, 4, 6, 8, 9, 10, 12]",0.9830508474576272,0.9861111111111112,0.9828067913174295,0.9747322029028748,0.999360926541159,0.9977061337355456,0.9861111111111112,0.9922480620155039,0.5893088386099973,0.40572459286745005,0.155488721804511
wine,P-EHOA,469042,769051,outer_3,repeated_nested_cv,13,7,0.5384615384615384,0.03859615384615384,39,1.1496742999997878,0.23100019999947108,0.6305255889892578,0.32508020953677985,"{""interaction_top_k"": 30, ""lambda_interaction"": 0.5, ""weight_schedule"": ""adaptive""}","[0, 4, 6, 8, 9, 10, 12]",0.9830508474576272,0.9861111111111112,0.9828067913174295,0.9747322029028748,0.999360926541159,0.9977061337355456,0.9861111111111112,0.9922480620155039,0.5893088386099973,0.40572459286745005,0.155488721804511
wine,EHOA,479583,579586,outer_1,repeated_nested_cv,13,8,0.6153846153846154,0.048249999999999967,24,0.7040415999999823,0.2318967999999586,0.4723033905029297,0.3188361733069714,"{""interaction_top_k"": 30, ""lambda_interaction"": 0.5, ""weight_schedule"": ""adaptive""}","[0, 1, 3, 5, 9, 10, 11, 12]",0.9833333333333333,0.9861111111111112,0.9847777201176267,0.9751167653763734,0.9988271604938271,0.9968117131910236,0.9861111111111112,0.9916666666666667,0.4994558576207889,0.39229143872001015,0.10913408073096686
wine,IG-EHOA,479583,579586,outer_1,repeated_nested_cv,13,8,0.6153846153846154,0.048249999999999967,24,1.4726338999998916,0.27586090000022523,0.7833900451660156,0.3188361733069714,"{""interaction_top_k"": 30, ""lambda_interaction"": 0.5, ""weight_schedule"": ""adaptive""}","[0, 1, 3, 5, 9, 10, 11, 12]",0.9833333333333333,0.9861111111111112,0.9847777201176267,0.9751167653763734,0.9988271604938271,0.9968117131910236,0.9861111111111112,0.9916666666666667,0.4994558576207889,0.5398727198727198,0.23395896988214748
wine,M-EHOA,479583,579586,outer_1,repeated_nested_cv,13,7,0.5384615384615384,0.047480769230769194,49,1.4504119000002902,0.23793230000046606,0.6845598220825195,0.3054268112871774,"{""interaction_top_k"": 30, ""lambda_interaction"": 0.5, ""weight_schedule"": ""adaptive""}","[0, 1, 3, 5, 9, 11, 12]",0.9833333333333333,0.9861111111111112,0.9847777201176267,0.9751167653763734,0.9997916666666667,0.9992063492063492,0.9861111111111112,0.9916666666666667,0.5886242608233133,0.40572459286745005,0.155488721804511
wine,P-EHOA,479583,579586,outer_1,repeated_nested_cv,13,7,0.5384615384615384,0.047480769230769194,49,1.4047674000003099,0.23528989999977057,0.6855278015136719,0.3054268112871774,"{""interaction_top_k"": 30, ""lambda_interaction"": 0.5, ""weight_schedule"": ""adaptive""}","[0, 1, 3, 5, 9, 11, 12]",0.9833333333333333,0.9861111111111112,0.9847777201176267,0.9751167653763734,0.9997916666666667,0.9992063492063492,0.9861111111111112,0.9916666666666667,0.5886242608233133,0.40572459286745005,0.155488721804511
wine,EHOA,479583,679589,outer_2,repeated_nested_cv,13,8,0.6153846153846154,0.06411538461538452,25,0.7306210999995528,0.23423969999930705,0.40097713470458984,0.24123439673914862,"{""interaction_top_k"": 30, ""lambda_interaction"": 0.5, ""weight_schedule"": ""adaptive""}","[0, 1, 3, 4, 5, 7, 8, 9]",0.8305084745762712,0.8550724637681159,0.8291905887650568,0.7738975274721462,0.9743511244775148,0.9383708899683235,0.8550724637681159,0.9169151262174519,0.3036917265014617,0.39229143872001015,0.10913408073096686
wine,IG-EHOA,479583,679589,outer_2,repeated_nested_cv,13,8,0.6153846153846154,0.06411538461538452,25,1.8337428000004365,0.2568416999993133,0.7701625823974609,0.24123439673914862,"{""interaction_top_k"": 30, ""lambda_interaction"": 0.5, ""weight_schedule"": ""adaptive""}","[0, 1, 3, 4, 5, 7, 8, 9]",0.8305084745762712,0.8550724637681159,0.8291905887650568,0.7738975274721462,0.9743511244775148,0.9383708899683235,0.8550724637681159,0.9169151262174519,0.3036917265014617,0.5398727198727198,0.23395896988214748
wine,M-EHOA,479583,679589,outer_2,repeated_nested_cv,13,8,0.6153846153846154,0.03915384615384616,47,1.327784199999769,0.23154340000019147,0.6819067001342773,0.2628756022666794,"{""interaction_top_k"": 30, ""lambda_interaction"": 0.5, ""weight_schedule"": ""adaptive""}","[1, 3, 4, 5, 7, 8, 9, 12]",0.8813559322033898,0.8963768115942029,0.8827719705768486,0.8289980529064886,0.9901945978412106,0.9730618817575339,0.8963768115942029,0.9418439011462266,0.24703540538242125,0.40572459286745005,0.155488721804511
wine,P-EHOA,479583,679589,outer_2,repeated_nested_cv,13,8,0.6153846153846154,0.03915384615384616,47,1.3985472000003938,0.24904509999942093,0.6920061111450195,0.2628756022666794,"{""interaction_top_k"": 30, ""lambda_interaction"": 0.5, ""weight_schedule"": ""adaptive""}","[1, 3, 4, 5, 7, 8, 9, 12]",0.8813559322033898,0.8963768115942029,0.8827719705768486,0.8289980529064886,0.9901945978412106,0.9730618817575339,0.8963768115942029,0.9418439011462266,0.24703540538242125,0.40572459286745005,0.155488721804511
wine,EHOA,479583,779592,outer_3,repeated_nested_cv,13,5,0.38461538461538464,0.03684615384615385,14,0.44056090000049153,0.23714960000052088,0.4364757537841797,0.3049581157270512,"{""interaction_top_k"": 30, ""lambda_interaction"": 0.5, ""weight_schedule"": ""adaptive""}","[4, 6, 7, 9, 12]",0.9322033898305084,0.9444444444444445,0.9352057156935206,0.9029676444336812,0.9969382030658039,0.9919276825909616,0.9444444444444445,0.9672480620155038,0.4247783374417019,0.39229143872001015,0.10913408073096686
wine,IG-EHOA,479583,779592,outer_3,repeated_nested_cv,13,8,0.6153846153846154,0.022865384615384562,24,1.8304212000002735,0.26204450000022916,0.7827634811401367,0.3164017657380365,"{""interaction_top_k"": 30, ""lambda_interaction"": 0.5, ""weight_schedule"": ""adaptive""}","[0, 2, 5, 7, 9, 10, 11, 12]",0.9661016949152542,0.9722222222222222,0.9688405797101449,0.9503083943596375,0.9763888888888889,0.9511717607701394,0.9722222222222222,0.9833333333333334,0.5021587083290524,0.5398727198727198,0.23395896988214748
wine,M-EHOA,479583,779592,outer_3,repeated_nested_cv,13,6,0.46153846153846156,0.02936538461538464,35,1.0641106000002765,0.2388995999999679,0.6831188201904297,0.3126658653920611,"{""interaction_top_k"": 30, ""lambda_interaction"": 0.5, ""weight_schedule"": ""adaptive""}","[4, 6, 7, 9, 10, 12]",0.9830508474576272,0.9861111111111112,0.9843607928714312,0.9746960742072988,0.988293650793651,0.9750941619585687,0.9861111111111112,0.9916666666666667,0.4881721486159991,0.40572459286745005,0.155488721804511
wine,P-EHOA,479583,779592,outer_3,repeated_nested_cv,13,6,0.46153846153846156,0.02936538461538464,35,1.212597700000515,0.24058839999997872,0.5767803192138672,0.3126658653920611,"{""interaction_top_k"": 30, ""lambda_interaction"": 0.5, ""weight_schedule"": ""adaptive""}","[4, 6, 7, 9, 10, 12]",0.9830508474576272,0.9861111111111112,0.9843607928714312,0.9746960742072988,0.988293650793651,0.9750941619585687,0.9861111111111112,0.9916666666666667,0.4881721486159991,0.40572459286745005,0.155488721804511
wine,EHOA,489898,589901,outer_1,repeated_nested_cv,13,7,0.5384615384615384,0.03034615384615387,12,0.538138799999615,0.4559712000000218,0.3105344772338867,0.28122638718173004,"{""interaction_top_k"": 30, ""lambda_interaction"": 0.5, ""weight_schedule"": ""adaptive""}","[0, 2, 5, 7, 8, 10, 12]",0.8833333333333333,0.9027777777777778,0.88421497201985,0.8384654539654974,0.9872509820426488,0.9664379084967321,0.9027777777777778,0.9439393939393939,0.343669888192763,0.39229143872001015,0.10913408073096686
wine,IG-EHOA,489898,589901,outer_1,repeated_nested_cv,13,7,0.5384615384615384,0.03880769230769231,15,1.7647686999998768,0.4726401000007172,0.7542057037353516,0.3150295315666683,"{""interaction_top_k"": 30, ""lambda_interaction"": 0.5, ""weight_schedule"": ""adaptive""}","[0, 2, 4, 6, 7, 9, 12]",0.9,0.9166666666666666,0.9005537098560353,0.8599136102248343,0.9957912457912457,0.9847883597883599,0.9166666666666666,0.9522727272727273,0.23103275849632807,0.5398727198727198,0.23395896988214748
wine,M-EHOA,489898,589901,outer_1,repeated_nested_cv,13,6,0.46153846153846156,0.021326923076923132,33,1.270346100000097,0.26816599999983737,0.6806278228759766,0.2818262142076323,"{""interaction_top_k"": 30, ""lambda_interaction"": 0.5, ""weight_schedule"": ""adaptive""}","[0, 2, 5, 7, 10, 12]",0.95,0.9583333333333334,0.9518037518037518,0.9272258302032949,0.9951073232323232,0.9888188608776844,0.9583333333333334,0.9757575757575757,0.3683519301128327,0.40572459286745005,0.155488721804511
wine,P-EHOA,489898,589901,outer_1,repeated_nested_cv,13,6,0.46153846153846156,0.021326923076923132,33,1.354425500000616,0.2652631000000838,0.5934152603149414,0.2818262142076323,"{""interaction_top_k"": 30, ""lambda_interaction"": 0.5, ""weight_schedule"": ""adaptive""}","[0, 2, 5, 7, 10, 12]",0.95,0.9583333333333334,0.9518037518037518,0.9272258302032949,0.9951073232323232,0.9888188608776844,0.9583333333333334,0.9757575757575757,0.3683519301128327,0.40572459286745005,0.155488721804511
wine,EHOA,489898,689904,outer_2,repeated_nested_cv,13,8,0.6153846153846154,0.04761538461538459,21,0.7819921999998769,0.3229242000006707,0.37950801849365234,0.32088583351627464,"{""interaction_top_k"": 30, ""lambda_interaction"": 0.5, ""weight_schedule"": ""adaptive""}","[0, 1, 4, 6, 7, 9, 11, 12]",0.9152542372881356,0.927536231884058,0.9164859364051917,0.8800013308158734,0.9880775424253686,0.97528394801792,0.927536231884058,0.9588550983899822,0.4222866978309045,0.39229143872001015,0.10913408073096686
wine,IG-EHOA,489898,689904,outer_2,repeated_nested_cv,13,8,0.6153846153846154,0.04761538461538459,21,2.053197700000055,0.31655380000029254,0.7809600830078125,0.32088583351627464,"{""interaction_top_k"": 30, ""lambda_interaction"": 0.5, ""weight_schedule"": ""adaptive""}","[0, 1, 4, 6, 7, 9, 11, 12]",0.9152542372881356,0.927536231884058,0.9164859364051917,0.8800013308158734,0.9880775424253686,0.97528394801792,0.927536231884058,0.9588550983899822,0.4222866978309045,0.5398727198727198,0.23395896988214748
wine,M-EHOA,489898,689904,outer_2,repeated_nested_cv,13,6,0.46153846153846156,0.03782692307692307,43,1.4920184999991761,0.23037549999935436,0.5935602188110352,0.33960768962759025,"{""interaction_top_k"": 30, ""lambda_interaction"": 0.5, ""weight_schedule"": ""adaptive""}","[0, 4, 6, 9, 11, 12]",0.9322033898305084,0.9420289855072465,0.9327731092436974,0.902783219919108,0.9871904698118045,0.9716252381571641,0.9420289855072465,0.9674021069369907,0.6191883802529007,0.40572459286745005,0.155488721804511
wine,P-EHOA,489898,689904,outer_2,repeated_nested_cv,13,6,0.46153846153846156,0.03782692307692307,43,1.9327242999997907,0.24694419999923412,0.6673994064331055,0.33960768962759025,"{""interaction_top_k"": 30, ""lambda_interaction"": 0.5, ""weight_schedule"": ""adaptive""}","[0, 4, 6, 9, 11, 12]",0.9322033898305084,0.9420289855072465,0.9327731092436974,0.902783219919108,0.9871904698118045,0.9716252381571641,0.9420289855072465,0.9674021069369907,0.6191883802529007,0.40572459286745005,0.155488721804511
wine,EHOA,489898,789907,outer_3,repeated_nested_cv,13,5,0.38461538461538464,0.0787307692307693,11,0.3797210000002451,0.2609812000000602,0.2292194366455078,0.2720850776043103,"{""interaction_top_k"": 30, ""lambda_interaction"": 0.5, ""weight_schedule"": ""adaptive""}","[0, 2, 5, 10, 12]",0.9491525423728814,0.9444444444444445,0.947333772218565,0.9227803417065618,0.9962554156709604,0.9881633561874034,0.9444444444444445,0.9732004429678849,0.4951480987080921,0.39229143872001015,0.10913408073096686
wine,IG-EHOA,489898,789907,outer_3,repeated_nested_cv,13,8,0.6153846153846154,0.03915384615384616,22,2.00742530000025,0.4216356999995696,0.7806034088134766,0.31079619334131164,"{""interaction_top_k"": 30, ""lambda_interaction"": 0.5, ""weight_schedule"": ""adaptive""}","[0, 1, 4, 6, 7, 9, 11, 12]",1.0,1.0,1.0,1.0,1.0,1.0,1.0,1.0,0.43267882437506067,0.5398727198727198,0.23395896988214748
wine,M-EHOA,489898,789907,outer_3,repeated_nested_cv,13,5,0.38461538461538464,0.05334615384615378,33,1.633372600000257,0.2952204000002894,0.618682861328125,0.22187081579512863,"{""interaction_top_k"": 30, ""lambda_interaction"": 0.5, ""weight_schedule"": ""adaptive""}","[0, 2, 8, 10, 12]",0.9830508474576272,0.9824561403508771,0.9808899808899808,0.9746728608047316,0.990327927376581,0.9868803676689231,0.9824561403508771,0.9922480620155039,0.47110823292801507,0.40572459286745005,0.155488721804511
wine,P-EHOA,489898,789907,outer_3,repeated_nested_cv,13,5,0.38461538461538464,0.05334615384615378,33,1.3251372999993691,0.32613949999995384,0.5431280136108398,0.22187081579512863,"{""interaction_top_k"": 30, ""lambda_interaction"": 0.5, ""weight_schedule"": ""adaptive""}","[0, 2, 8, 10, 12]",0.9830508474576272,0.9824561403508771,0.9808899808899808,0.9746728608047316,0.990327927376581,0.9868803676689231,0.9824561403508771,0.9922480620155039,0.47110823292801507,0.40572459286745005,0.155488721804511
